Time_s,Encoder_Counts,Steering,Lidar_Angles,Lidar_Distances
0.0,0,0,[],[]
0.012,0,0,[],[]
0.0751,34688,-20,"[154.0, 155.0, 158.0, 159.0, 161.0, 162.0, 163.0, 165.0, 166.0, 168.0, 169.0, 170.0, 172.0, 173.0, 175.0, 176.0, 177.0, 179.0, 180.0, 182.0, 183.0, 184.0, 186.0, 186.0, 188.0, 190.0, 192.0, 193.0, 194.0, 196.0, 197.0, 199.0, 200.0, 202.0, 203.0, 204.0, 205.0, 206.0, 207.0, 209.0, 210.0, 213.0, 217.0, 223.0, 262.0, 263.0, 265.0, 266.0, 268.0, 269.0]","[238.0, 236.0, 232.0, 229.0, 227.0, 224.0, 222.0, 220.0, 218.0, 216.0, 215.0, 214.0, 213.0, 211.0, 210.0, 210.0, 209.0, 209.0, 208.0, 208.0, 208.0, 208.0, 208.0, 208.0, 209.0, 209.0, 209.0, 210.0, 211.0, 212.0, 213.0, 214.0, 216.0, 217.0, 219.0, 221.0, 223.0, 225.0, 227.0, 230.0, 232.0, 235.0, 248.0, 265.0, 1076.0, 1075.0, 1073.0, 1073.0, 1074.0, 1076.0]"
0.1033,34688,-20,"[154.0, 155.0, 158.0, 159.0, 161.0, 162.0, 163.0, 165.0, 166.0, 168.0, 169.0, 170.0, 172.0, 173.0, 175.0, 176.0, 177.0, 179.0, 180.0, 182.0, 183.0, 184.0, 186.0, 186.0, 188.0, 190.0, 192.0, 193.0, 194.0, 196.0, 197.0, 199.0, 200.0, 202.0, 203.0, 204.0, 205.0, 206.0, 207.0, 209.0, 210.0, 213.0, 217.0, 223.0, 262.0, 263.0, 265.0, 266.0, 268.0, 269.0]","[238.0, 236.0, 232.0, 229.0, 227.0, 224.0, 222.0, 220.0, 218.0, 216.0, 215.0, 214.0, 213.0, 211.0, 210.0, 210.0, 209.0, 209.0, 208.0, 208.0, 208.0, 208.0, 208.0, 208.0, 209.0, 209.0, 209.0, 210.0, 211.0, 212.0, 213.0, 214.0, 216.0, 217.0, 219.0, 221.0, 223.0, 225.0, 227.0, 230.0, 232.0, 235.0, 248.0, 265.0, 1076.0, 1075.0, 1073.0, 1073.0, 1074.0, 1076.0]"
0.114,34688,-20,"[154.0, 155.0, 158.0, 159.0, 161.0, 162.0, 163.0, 165.0, 166.0, 168.0, 169.0, 170.0, 172.0, 173.0, 175.0, 176.0, 177.0, 179.0, 180.0, 182.0, 183.0, 184.0, 186.0, 186.0, 188.0, 190.0, 192.0, 193.0, 194.0, 196.0, 197.0, 199.0, 200.0, 202.0, 203.0, 204.0, 205.0, 206.0, 207.0, 209.0, 210.0, 213.0, 217.0, 223.0, 262.0, 263.0, 265.0, 266.0, 268.0, 269.0]","[238.0, 236.0, 232.0, 229.0, 227.0, 224.0, 222.0, 220.0, 218.0, 216.0, 215.0, 214.0, 213.0, 211.0, 210.0, 210.0, 209.0, 209.0, 208.0, 208.0, 208.0, 208.0, 208.0, 208.0, 209.0, 209.0, 209.0, 210.0, 211.0, 212.0, 213.0, 214.0, 216.0, 217.0, 219.0, 221.0, 223.0, 225.0, 227.0, 230.0, 232.0, 235.0, 248.0, 265.0, 1076.0, 1075.0, 1073.0, 1073.0, 1074.0, 1076.0]"
0.1779,34713,-20,"[65.0, 66.0, 68.0, 71.0, 72.0, 72.0, 74.0, 75.0, 78.0, 78.0, 81.0, 81.0, 84.0, 85.0, 85.0, 86.0, 90.0, 91.0, 91.0, 94.0, 96.0, 97.0, 98.0, 98.0, 100.0, 101.0, 102.0, 104.0, 105.0, 108.0, 108.0, 109.0, 111.0, 155.0, 155.0, 156.0, 158.0, 159.0, 162.0, 164.0, 164.0, 166.0, 168.0, 168.0, 171.0, 172.0, 173.0, 175.0, 176.0, 178.0]","[144.0, 142.0, 140.0, 139.0, 138.0, 137.0, 136.0, 135.0, 134.0, 133.0, 132.0, 131.0, 131.0, 131.0, 131.0, 130.0, 130.0, 130.0, 130.0, 130.0, 130.0, 131.0, 131.0, 131.0, 132.0, 132.0, 133.0, 133.0, 134.0, 135.0, 136.0, 137.0, 138.0, 237.0, 235.0, 232.0, 228.0, 226.0, 224.0, 222.0, 220.0, 218.0, 216.0, 215.0, 213.0, 212.0, 211.0, 210.0, 209.0, 209.0]"
0.2016,34713,-20,"[65.0, 66.0, 68.0, 71.0, 72.0, 72.0, 74.0, 75.0, 78.0, 78.0, 81.0, 81.0, 84.0, 85.0, 85.0, 86.0, 90.0, 91.0, 91.0, 94.0, 96.0, 97.0, 98.0, 98.0, 100.0, 101.0, 102.0, 104.0, 105.0, 108.0, 108.0, 109.0, 111.0, 155.0, 155.0, 156.0, 158.0, 159.0, 162.0, 164.0, 164.0, 166.0, 168.0, 168.0, 171.0, 172.0, 173.0, 175.0, 176.0, 178.0]","[144.0, 142.0, 140.0, 139.0, 138.0, 137.0, 136.0, 135.0, 134.0, 133.0, 132.0, 131.0, 131.0, 131.0, 131.0, 130.0, 130.0, 130.0, 130.0, 130.0, 130.0, 131.0, 131.0, 131.0, 132.0, 132.0, 133.0, 133.0, 134.0, 135.0, 136.0, 137.0, 138.0, 237.0, 235.0, 232.0, 228.0, 226.0, 224.0, 222.0, 220.0, 218.0, 216.0, 215.0, 213.0, 212.0, 211.0, 210.0, 209.0, 209.0]"
0.2142,34713,-20,"[65.0, 66.0, 68.0, 71.0, 72.0, 72.0, 74.0, 75.0, 78.0, 78.0, 81.0, 81.0, 84.0, 85.0, 85.0, 86.0, 90.0, 91.0, 91.0, 94.0, 96.0, 97.0, 98.0, 98.0, 100.0, 101.0, 102.0, 104.0, 105.0, 108.0, 108.0, 109.0, 111.0, 155.0, 155.0, 156.0, 158.0, 159.0, 162.0, 164.0, 164.0, 166.0, 168.0, 168.0, 171.0, 172.0, 173.0, 175.0, 176.0, 178.0]","[144.0, 142.0, 140.0, 139.0, 138.0, 137.0, 136.0, 135.0, 134.0, 133.0, 132.0, 131.0, 131.0, 131.0, 131.0, 130.0, 130.0, 130.0, 130.0, 130.0, 130.0, 131.0, 131.0, 131.0, 132.0, 132.0, 133.0, 133.0, 134.0, 135.0, 136.0, 137.0, 138.0, 237.0, 235.0, 232.0, 228.0, 226.0, 224.0, 222.0, 220.0, 218.0, 216.0, 215.0, 213.0, 212.0, 211.0, 210.0, 209.0, 209.0]"
0.2269,34713,-20,"[65.0, 66.0, 68.0, 71.0, 72.0, 72.0, 74.0, 75.0, 78.0, 78.0, 81.0, 81.0, 84.0, 85.0, 85.0, 86.0, 90.0, 91.0, 91.0, 94.0, 96.0, 97.0, 98.0, 98.0, 100.0, 101.0, 102.0, 104.0, 105.0, 108.0, 108.0, 109.0, 111.0, 155.0, 155.0, 156.0, 158.0, 159.0, 162.0, 164.0, 164.0, 166.0, 168.0, 168.0, 171.0, 172.0, 173.0, 175.0, 176.0, 178.0]","[144.0, 142.0, 140.0, 139.0, 138.0, 137.0, 136.0, 135.0, 134.0, 133.0, 132.0, 131.0, 131.0, 131.0, 131.0, 130.0, 130.0, 130.0, 130.0, 130.0, 130.0, 131.0, 131.0, 131.0, 132.0, 132.0, 133.0, 133.0, 134.0, 135.0, 136.0, 137.0, 138.0, 237.0, 235.0, 232.0, 228.0, 226.0, 224.0, 222.0, 220.0, 218.0, 216.0, 215.0, 213.0, 212.0, 211.0, 210.0, 209.0, 209.0]"
0.3417,34757,-20,"[337.0, 338.0, 340.0, 341.0, 343.0, 344.0, 346.0, 347.0, 348.0, 350.0, 351.0, 353.0, 354.0, 356.0, 357.0, 358.0, 0.0, 1.0, 3.0, 42.0, 43.0, 46.0, 47.0, 49.0, 51.0, 52.0, 53.0, 55.0, 56.0, 58.0, 59.0, 61.0, 63.0, 64.0, 65.0, 66.0, 68.0, 69.0, 71.0, 72.0, 75.0, 75.0, 76.0, 78.0, 79.0, 82.0, 82.0, 83.0, 86.0, 86.0]","[1068.0, 1057.0, 1045.0, 1036.0, 1027.0, 1017.0, 1010.0, 1005.0, 998.0, 993.0, 989.0, 983.0, 980.0, 978.0, 976.0, 973.0, 970.0, 972.0, 973.0, 207.0, 202.0, 188.0, 183.0, 179.0, 174.0, 170.0, 167.0, 163.0, 160.0, 157.0, 155.0, 151.0, 149.0, 147.0, 145.0, 143.0, 142.0, 140.0, 139.0, 138.0, 137.0, 136.0, 135.0, 134.0, 134.0, 134.0, 133.0, 132.0, 132.0, 132.0]"
0.3928,34811,-20,"[262.0, 263.0, 265.0, 266.0, 267.0, 269.0, 270.0, 272.0, 273.0, 275.0, 276.0, 277.0, 279.0, 280.0, 282.0, 283.0, 284.0, 286.0, 287.0, 288.0, 290.0, 291.0, 293.0, 294.0, 295.0, 297.0, 298.0, 300.0, 301.0, 303.0, 304.0, 305.0, 307.0, 308.0, 312.0, 314.0, 315.0, 316.0, 319.0, 321.0, 324.0, 328.0, 329.0, 331.0, 334.0, 335.0, 337.0, 338.0, 340.0, 341.0]","[1076.0, 1074.0, 1073.0, 1073.0, 1074.0, 1075.0, 1074.0, 1076.0, 1082.0, 1084.0, 1086.0, 1089.0, 1095.0, 1101.0, 1105.0, 1112.0, 1119.0, 1127.0, 1136.0, 1144.0, 1153.0, 1166.0, 1178.0, 1191.0, 1204.0, 1218.0, 1232.0, 1251.0, 1274.0, 1290.0, 1309.0, 1335.0, 1358.0, 1380.0, 1466.0, 1495.0, 1530.0, 1569.0, 1656.0, 1686.0, 1803.0, 1886.0, 1859.0, 1835.0, 1090.0, 1074.0, 1064.0, 1052.0, 1038.0, 1029.0]"
0.4053,34811,-20,"[262.0, 263.0, 265.0, 266.0, 267.0, 269.0, 270.0, 272.0, 273.0, 275.0, 276.0, 277.0, 279.0, 280.0, 282.0, 283.0, 284.0, 286.0, 287.0, 288.0, 290.0, 291.0, 293.0, 294.0, 295.0, 297.0, 298.0, 300.0, 301.0, 303.0, 304.0, 305.0, 307.0, 308.0, 312.0, 314.0, 315.0, 316.0, 319.0, 321.0, 324.0, 328.0, 329.0, 331.0, 334.0, 335.0, 337.0, 338.0, 340.0, 341.0]","[1076.0, 1074.0, 1073.0, 1073.0, 1074.0, 1075.0, 1074.0, 1076.0, 1082.0, 1084.0, 1086.0, 1089.0, 1095.0, 1101.0, 1105.0, 1112.0, 1119.0, 1127.0, 1136.0, 1144.0, 1153.0, 1166.0, 1178.0, 1191.0, 1204.0, 1218.0, 1232.0, 1251.0, 1274.0, 1290.0, 1309.0, 1335.0, 1358.0, 1380.0, 1466.0, 1495.0, 1530.0, 1569.0, 1656.0, 1686.0, 1803.0, 1886.0, 1859.0, 1835.0, 1090.0, 1074.0, 1064.0, 1052.0, 1038.0, 1029.0]"
0.4176,34811,-20,"[262.0, 263.0, 265.0, 266.0, 267.0, 269.0, 270.0, 272.0, 273.0, 275.0, 276.0, 277.0, 279.0, 280.0, 282.0, 283.0, 284.0, 286.0, 287.0, 288.0, 290.0, 291.0, 293.0, 294.0, 295.0, 297.0, 298.0, 300.0, 301.0, 303.0, 304.0, 305.0, 307.0, 308.0, 312.0, 314.0, 315.0, 316.0, 319.0, 321.0, 324.0, 328.0, 329.0, 331.0, 334.0, 335.0, 337.0, 338.0, 340.0, 341.0]","[1076.0, 1074.0, 1073.0, 1073.0, 1074.0, 1075.0, 1074.0, 1076.0, 1082.0, 1084.0, 1086.0, 1089.0, 1095.0, 1101.0, 1105.0, 1112.0, 1119.0, 1127.0, 1136.0, 1144.0, 1153.0, 1166.0, 1178.0, 1191.0, 1204.0, 1218.0, 1232.0, 1251.0, 1274.0, 1290.0, 1309.0, 1335.0, 1358.0, 1380.0, 1466.0, 1495.0, 1530.0, 1569.0, 1656.0, 1686.0, 1803.0, 1886.0, 1859.0, 1835.0, 1090.0, 1074.0, 1064.0, 1052.0, 1038.0, 1029.0]"
0.4302,34811,-20,"[262.0, 263.0, 265.0, 266.0, 267.0, 269.0, 270.0, 272.0, 273.0, 275.0, 276.0, 277.0, 279.0, 280.0, 282.0, 283.0, 284.0, 286.0, 287.0, 288.0, 290.0, 291.0, 293.0, 294.0, 295.0, 297.0, 298.0, 300.0, 301.0, 303.0, 304.0, 305.0, 307.0, 308.0, 312.0, 314.0, 315.0, 316.0, 319.0, 321.0, 324.0, 328.0, 329.0, 331.0, 334.0, 335.0, 337.0, 338.0, 340.0, 341.0]","[1076.0, 1074.0, 1073.0, 1073.0, 1074.0, 1075.0, 1074.0, 1076.0, 1082.0, 1084.0, 1086.0, 1089.0, 1095.0, 1101.0, 1105.0, 1112.0, 1119.0, 1127.0, 1136.0, 1144.0, 1153.0, 1166.0, 1178.0, 1191.0, 1204.0, 1218.0, 1232.0, 1251.0, 1274.0, 1290.0, 1309.0, 1335.0, 1358.0, 1380.0, 1466.0, 1495.0, 1530.0, 1569.0, 1656.0, 1686.0, 1803.0, 1886.0, 1859.0, 1835.0, 1090.0, 1074.0, 1064.0, 1052.0, 1038.0, 1029.0]"
0.4411,34811,-20,"[262.0, 263.0, 265.0, 266.0, 267.0, 269.0, 270.0, 272.0, 273.0, 275.0, 276.0, 277.0, 279.0, 280.0, 282.0, 283.0, 284.0, 286.0, 287.0, 288.0, 290.0, 291.0, 293.0, 294.0, 295.0, 297.0, 298.0, 300.0, 301.0, 303.0, 304.0, 305.0, 307.0, 308.0, 312.0, 314.0, 315.0, 316.0, 319.0, 321.0, 324.0, 328.0, 329.0, 331.0, 334.0, 335.0, 337.0, 338.0, 340.0, 341.0]","[1076.0, 1074.0, 1073.0, 1073.0, 1074.0, 1075.0, 1074.0, 1076.0, 1082.0, 1084.0, 1086.0, 1089.0, 1095.0, 1101.0, 1105.0, 1112.0, 1119.0, 1127.0, 1136.0, 1144.0, 1153.0, 1166.0, 1178.0, 1191.0, 1204.0, 1218.0, 1232.0, 1251.0, 1274.0, 1290.0, 1309.0, 1335.0, 1358.0, 1380.0, 1466.0, 1495.0, 1530.0, 1569.0, 1656.0, 1686.0, 1803.0, 1886.0, 1859.0, 1835.0, 1090.0, 1074.0, 1064.0, 1052.0, 1038.0, 1029.0]"
0.5045,34865,-20,"[183.0, 185.0, 184.0, 188.0, 189.0, 190.0, 191.0, 193.0, 193.0, 194.0, 197.0, 198.0, 199.0, 200.0, 201.0, 203.0, 205.0, 207.0, 207.0, 208.0, 210.0, 211.0, 212.0, 214.0, 215.0, 216.0, 217.0, 219.0, 221.0, 231.0, 262.0, 263.0, 265.0, 266.0, 268.0, 269.0, 271.0, 272.0, 273.0, 275.0, 276.0, 277.0, 279.0, 280.0, 282.0, 283.0, 284.0, 286.0, 287.0, 289.0]","[235.0, 235.0, 235.0, 235.0, 235.0, 235.0, 236.0, 236.0, 237.0, 238.0, 239.0, 240.0, 242.0, 243.0, 244.0, 246.0, 248.0, 250.0, 252.0, 255.0, 257.0, 260.0, 264.0, 267.0, 270.0, 273.0, 276.0, 280.0, 285.0, 334.0, 1074.0, 1073.0, 1073.0, 1073.0, 1072.0, 1071.0, 1071.0, 1071.0, 1074.0, 1075.0, 1078.0, 1083.0, 1086.0, 1089.0, 1096.0, 1104.0, 1107.0, 1114.0, 1124.0, 1135.0]"
0.5282,34865,-20,"[183.0, 185.0, 184.0, 188.0, 189.0, 190.0, 191.0, 193.0, 193.0, 194.0, 197.0, 198.0, 199.0, 200.0, 201.0, 203.0, 205.0, 207.0, 207.0, 208.0, 210.0, 211.0, 212.0, 214.0, 215.0, 216.0, 217.0, 219.0, 221.0, 231.0, 262.0, 263.0, 265.0, 266.0, 268.0, 269.0, 271.0, 272.0, 273.0, 275.0, 276.0, 277.0, 279.0, 280.0, 282.0, 283.0, 284.0, 286.0, 287.0, 289.0]","[235.0, 235.0, 235.0, 235.0, 235.0, 235.0, 236.0, 236.0, 237.0, 238.0, 239.0, 240.0, 242.0, 243.0, 244.0, 246.0, 248.0, 250.0, 252.0, 255.0, 257.0, 260.0, 264.0, 267.0, 270.0, 273.0, 276.0, 280.0, 285.0, 334.0, 1074.0, 1073.0, 1073.0, 1073.0, 1072.0, 1071.0, 1071.0, 1071.0, 1074.0, 1075.0, 1078.0, 1083.0, 1086.0, 1089.0, 1096.0, 1104.0, 1107.0, 1114.0, 1124.0, 1135.0]"
0.5409,34865,-20,"[183.0, 185.0, 184.0, 188.0, 189.0, 190.0, 191.0, 193.0, 193.0, 194.0, 197.0, 198.0, 199.0, 200.0, 201.0, 203.0, 205.0, 207.0, 207.0, 208.0, 210.0, 211.0, 212.0, 214.0, 215.0, 216.0, 217.0, 219.0, 221.0, 231.0, 262.0, 263.0, 265.0, 266.0, 268.0, 269.0, 271.0, 272.0, 273.0, 275.0, 276.0, 277.0, 279.0, 280.0, 282.0, 283.0, 284.0, 286.0, 287.0, 289.0]","[235.0, 235.0, 235.0, 235.0, 235.0, 235.0, 236.0, 236.0, 237.0, 238.0, 239.0, 240.0, 242.0, 243.0, 244.0, 246.0, 248.0, 250.0, 252.0, 255.0, 257.0, 260.0, 264.0, 267.0, 270.0, 273.0, 276.0, 280.0, 285.0, 334.0, 1074.0, 1073.0, 1073.0, 1073.0, 1072.0, 1071.0, 1071.0, 1071.0, 1074.0, 1075.0, 1078.0, 1083.0, 1086.0, 1089.0, 1096.0, 1104.0, 1107.0, 1114.0, 1124.0, 1135.0]"
0.5541,34865,-20,"[183.0, 185.0, 184.0, 188.0, 189.0, 190.0, 191.0, 193.0, 193.0, 194.0, 197.0, 198.0, 199.0, 200.0, 201.0, 203.0, 205.0, 207.0, 207.0, 208.0, 210.0, 211.0, 212.0, 214.0, 215.0, 216.0, 217.0, 219.0, 221.0, 231.0, 262.0, 263.0, 265.0, 266.0, 268.0, 269.0, 271.0, 272.0, 273.0, 275.0, 276.0, 277.0, 279.0, 280.0, 282.0, 283.0, 284.0, 286.0, 287.0, 289.0]","[235.0, 235.0, 235.0, 235.0, 235.0, 235.0, 236.0, 236.0, 237.0, 238.0, 239.0, 240.0, 242.0, 243.0, 244.0, 246.0, 248.0, 250.0, 252.0, 255.0, 257.0, 260.0, 264.0, 267.0, 270.0, 273.0, 276.0, 280.0, 285.0, 334.0, 1074.0, 1073.0, 1073.0, 1073.0, 1072.0, 1071.0, 1071.0, 1071.0, 1074.0, 1075.0, 1078.0, 1083.0, 1086.0, 1089.0, 1096.0, 1104.0, 1107.0, 1114.0, 1124.0, 1135.0]"
0.6746,34920,-20,"[103.0, 105.0, 107.0, 108.0, 109.0, 110.0, 112.0, 113.0, 160.0, 161.0, 163.0, 164.0, 165.0, 167.0, 169.0, 170.0, 172.0, 174.0, 174.0, 176.0, 179.0, 179.0, 181.0, 183.0, 184.0, 185.0, 186.0, 188.0, 189.0, 190.0, 193.0, 194.0, 195.0, 196.0, 197.0, 199.0, 200.0, 202.0, 203.0, 205.0, 206.0, 207.0, 209.0, 209.0, 212.0, 213.0, 214.0, 215.0, 216.0, 218.0]","[144.0, 145.0, 146.0, 146.0, 147.0, 148.0, 149.0, 150.0, 281.0, 278.0, 275.0, 272.0, 269.0, 267.0, 264.0, 262.0, 261.0, 258.0, 257.0, 257.0, 255.0, 254.0, 253.0, 252.0, 252.0, 251.0, 251.0, 251.0, 251.0, 252.0, 252.0, 252.0, 253.0, 254.0, 255.0, 257.0, 258.0, 259.0, 260.0, 263.0, 264.0, 267.0, 270.0, 272.0, 275.0, 277.0, 280.0, 283.0, 287.0, 290.0]"
0.7237,34920,-20,"[103.0, 105.0, 107.0, 108.0, 109.0, 110.0, 112.0, 113.0, 160.0, 161.0, 163.0, 164.0, 165.0, 167.0, 169.0, 170.0, 172.0, 174.0, 174.0, 176.0, 179.0, 179.0, 181.0, 183.0, 184.0, 185.0, 186.0, 188.0, 189.0, 190.0, 193.0, 194.0, 195.0, 196.0, 197.0, 199.0, 200.0, 202.0, 203.0, 205.0, 206.0, 207.0, 209.0, 209.0, 212.0, 213.0, 214.0, 215.0, 216.0, 218.0]","[144.0, 145.0, 146.0, 146.0, 147.0, 148.0, 149.0, 150.0, 281.0, 278.0, 275.0, 272.0, 269.0, 267.0, 264.0, 262.0, 261.0, 258.0, 257.0, 257.0, 255.0, 254.0, 253.0, 252.0, 252.0, 251.0, 251.0, 251.0, 251.0, 252.0, 252.0, 252.0, 253.0, 254.0, 255.0, 257.0, 258.0, 259.0, 260.0, 263.0, 264.0, 267.0, 270.0, 272.0, 275.0, 277.0, 280.0, 283.0, 287.0, 290.0]"
0.7366,34977,-20,"[49.0, 50.0, 53.0, 55.0, 56.0, 57.0, 59.0, 60.0, 62.0, 63.0, 65.0, 66.0, 68.0, 69.0, 71.0, 72.0, 74.0, 75.0, 76.0, 78.0, 79.0, 81.0, 82.0, 84.0, 85.0, 87.0, 88.0, 89.0, 91.0, 92.0, 94.0, 95.0, 96.0, 98.0, 99.0, 101.0, 102.0, 103.0, 105.0, 106.0, 108.0, 109.0, 111.0, 112.0, 161.0, 163.0, 165.0, 166.0, 167.0, 169.0]","[223.0, 218.0, 205.0, 200.0, 196.0, 192.0, 187.0, 183.0, 180.0, 177.0, 174.0, 171.0, 168.0, 165.0, 163.0, 162.0, 161.0, 159.0, 157.0, 156.0, 155.0, 153.0, 152.0, 152.0, 151.0, 150.0, 150.0, 150.0, 149.0, 149.0, 149.0, 149.0, 148.0, 148.0, 149.0, 149.0, 150.0, 150.0, 151.0, 151.0, 152.0, 152.0, 153.0, 154.0, 300.0, 295.0, 292.0, 289.0, 286.0, 284.0]"
0.7471,34977,-20,"[49.0, 50.0, 53.0, 55.0, 56.0, 57.0, 59.0, 60.0, 62.0, 63.0, 65.0, 66.0, 68.0, 69.0, 71.0, 72.0, 74.0, 75.0, 76.0, 78.0, 79.0, 81.0, 82.0, 84.0, 85.0, 87.0, 88.0, 89.0, 91.0, 92.0, 94.0, 95.0, 96.0, 98.0, 99.0, 101.0, 102.0, 103.0, 105.0, 106.0, 108.0, 109.0, 111.0, 112.0, 161.0, 163.0, 165.0, 166.0, 167.0, 169.0]","[223.0, 218.0, 205.0, 200.0, 196.0, 192.0, 187.0, 183.0, 180.0, 177.0, 174.0, 171.0, 168.0, 165.0, 163.0, 162.0, 161.0, 159.0, 157.0, 156.0, 155.0, 153.0, 152.0, 152.0, 151.0, 150.0, 150.0, 150.0, 149.0, 149.0, 149.0, 149.0, 148.0, 148.0, 149.0, 149.0, 150.0, 150.0, 151.0, 151.0, 152.0, 152.0, 153.0, 154.0, 300.0, 295.0, 292.0, 289.0, 286.0, 284.0]"
0.7597,34977,-20,"[49.0, 50.0, 53.0, 55.0, 56.0, 57.0, 59.0, 60.0, 62.0, 63.0, 65.0, 66.0, 68.0, 69.0, 71.0, 72.0, 74.0, 75.0, 76.0, 78.0, 79.0, 81.0, 82.0, 84.0, 85.0, 87.0, 88.0, 89.0, 91.0, 92.0, 94.0, 95.0, 96.0, 98.0, 99.0, 101.0, 102.0, 103.0, 105.0, 106.0, 108.0, 109.0, 111.0, 112.0, 161.0, 163.0, 165.0, 166.0, 167.0, 169.0]","[223.0, 218.0, 205.0, 200.0, 196.0, 192.0, 187.0, 183.0, 180.0, 177.0, 174.0, 171.0, 168.0, 165.0, 163.0, 162.0, 161.0, 159.0, 157.0, 156.0, 155.0, 153.0, 152.0, 152.0, 151.0, 150.0, 150.0, 150.0, 149.0, 149.0, 149.0, 149.0, 148.0, 148.0, 149.0, 149.0, 150.0, 150.0, 151.0, 151.0, 152.0, 152.0, 153.0, 154.0, 300.0, 295.0, 292.0, 289.0, 286.0, 284.0]"
0.7739,34977,-20,"[49.0, 50.0, 53.0, 55.0, 56.0, 57.0, 59.0, 60.0, 62.0, 63.0, 65.0, 66.0, 68.0, 69.0, 71.0, 72.0, 74.0, 75.0, 76.0, 78.0, 79.0, 81.0, 82.0, 84.0, 85.0, 87.0, 88.0, 89.0, 91.0, 92.0, 94.0, 95.0, 96.0, 98.0, 99.0, 101.0, 102.0, 103.0, 105.0, 106.0, 108.0, 109.0, 111.0, 112.0, 161.0, 163.0, 165.0, 166.0, 167.0, 169.0]","[223.0, 218.0, 205.0, 200.0, 196.0, 192.0, 187.0, 183.0, 180.0, 177.0, 174.0, 171.0, 168.0, 165.0, 163.0, 162.0, 161.0, 159.0, 157.0, 156.0, 155.0, 153.0, 152.0, 152.0, 151.0, 150.0, 150.0, 150.0, 149.0, 149.0, 149.0, 149.0, 148.0, 148.0, 149.0, 149.0, 150.0, 150.0, 151.0, 151.0, 152.0, 152.0, 153.0, 154.0, 300.0, 295.0, 292.0, 289.0, 286.0, 284.0]"
0.7864,34977,-20,"[49.0, 50.0, 53.0, 55.0, 56.0, 57.0, 59.0, 60.0, 62.0, 63.0, 65.0, 66.0, 68.0, 69.0, 71.0, 72.0, 74.0, 75.0, 76.0, 78.0, 79.0, 81.0, 82.0, 84.0, 85.0, 87.0, 88.0, 89.0, 91.0, 92.0, 94.0, 95.0, 96.0, 98.0, 99.0, 101.0, 102.0, 103.0, 105.0, 106.0, 108.0, 109.0, 111.0, 112.0, 161.0, 163.0, 165.0, 166.0, 167.0, 169.0]","[223.0, 218.0, 205.0, 200.0, 196.0, 192.0, 187.0, 183.0, 180.0, 177.0, 174.0, 171.0, 168.0, 165.0, 163.0, 162.0, 161.0, 159.0, 157.0, 156.0, 155.0, 153.0, 152.0, 152.0, 151.0, 150.0, 150.0, 150.0, 149.0, 149.0, 149.0, 149.0, 148.0, 148.0, 149.0, 149.0, 150.0, 150.0, 151.0, 151.0, 152.0, 152.0, 153.0, 154.0, 300.0, 295.0, 292.0, 289.0, 286.0, 284.0]"
0.799,35044,-20,"[296.0, 298.0, 299.0, 301.0, 302.0, 303.0, 305.0, 306.0, 308.0, 309.0, 310.0, 312.0, 313.0, 315.0, 316.0, 317.0, 319.0, 320.0, 324.0, 326.0, 330.0, 331.0, 333.0, 334.0, 336.0, 339.0, 341.0, 342.0, 343.0, 345.0, 346.0, 348.0, 349.0, 351.0, 352.0, 353.0, 355.0, 356.0, 358.0, 359.0, 1.0, 2.0, 3.0, 5.0, 6.0, 8.0, 9.0, 10.0, 50.0, 55.0]","[1154.0, 1165.0, 1177.0, 1189.0, 1204.0, 1217.0, 1233.0, 1253.0, 1276.0, 1299.0, 1317.0, 1337.0, 1364.0, 1391.0, 1422.0, 1453.0, 1483.0, 1514.0, 1631.0, 1673.0, 1836.0, 1848.0, 1823.0, 1798.0, 1781.0, 1031.0, 1013.0, 1001.0, 992.0, 981.0, 970.0, 962.0, 955.0, 948.0, 941.0, 936.0, 930.0, 924.0, 920.0, 915.0, 912.0, 910.0, 908.0, 908.0, 906.0, 907.0, 907.0, 908.0, 234.0, 214.0]"
0.8141,35044,-20,"[296.0, 298.0, 299.0, 301.0, 302.0, 303.0, 305.0, 306.0, 308.0, 309.0, 310.0, 312.0, 313.0, 315.0, 316.0, 317.0, 319.0, 320.0, 324.0, 326.0, 330.0, 331.0, 333.0, 334.0, 336.0, 339.0, 341.0, 342.0, 343.0, 345.0, 346.0, 348.0, 349.0, 351.0, 352.0, 353.0, 355.0, 356.0, 358.0, 359.0, 1.0, 2.0, 3.0, 5.0, 6.0, 8.0, 9.0, 10.0, 50.0, 55.0]","[1154.0, 1165.0, 1177.0, 1189.0, 1204.0, 1217.0, 1233.0, 1253.0, 1276.0, 1299.0, 1317.0, 1337.0, 1364.0, 1391.0, 1422.0, 1453.0, 1483.0, 1514.0, 1631.0, 1673.0, 1836.0, 1848.0, 1823.0, 1798.0, 1781.0, 1031.0, 1013.0, 1001.0, 992.0, 981.0, 970.0, 962.0, 955.0, 948.0, 941.0, 936.0, 930.0, 924.0, 920.0, 915.0, 912.0, 910.0, 908.0, 908.0, 906.0, 907.0, 907.0, 908.0, 234.0, 214.0]"
0.8263,35044,-20,"[296.0, 298.0, 299.0, 301.0, 302.0, 303.0, 305.0, 306.0, 308.0, 309.0, 310.0, 312.0, 313.0, 315.0, 316.0, 317.0, 319.0, 320.0, 324.0, 326.0, 330.0, 331.0, 333.0, 334.0, 336.0, 339.0, 341.0, 342.0, 343.0, 345.0, 346.0, 348.0, 349.0, 351.0, 352.0, 353.0, 355.0, 356.0, 358.0, 359.0, 1.0, 2.0, 3.0, 5.0, 6.0, 8.0, 9.0, 10.0, 50.0, 55.0]","[1154.0, 1165.0, 1177.0, 1189.0, 1204.0, 1217.0, 1233.0, 1253.0, 1276.0, 1299.0, 1317.0, 1337.0, 1364.0, 1391.0, 1422.0, 1453.0, 1483.0, 1514.0, 1631.0, 1673.0, 1836.0, 1848.0, 1823.0, 1798.0, 1781.0, 1031.0, 1013.0, 1001.0, 992.0, 981.0, 970.0, 962.0, 955.0, 948.0, 941.0, 936.0, 930.0, 924.0, 920.0, 915.0, 912.0, 910.0, 908.0, 908.0, 906.0, 907.0, 907.0, 908.0, 234.0, 214.0]"
0.8388,35044,-20,"[296.0, 298.0, 299.0, 301.0, 302.0, 303.0, 305.0, 306.0, 308.0, 309.0, 310.0, 312.0, 313.0, 315.0, 316.0, 317.0, 319.0, 320.0, 324.0, 326.0, 330.0, 331.0, 333.0, 334.0, 336.0, 339.0, 341.0, 342.0, 343.0, 345.0, 346.0, 348.0, 349.0, 351.0, 352.0, 353.0, 355.0, 356.0, 358.0, 359.0, 1.0, 2.0, 3.0, 5.0, 6.0, 8.0, 9.0, 10.0, 50.0, 55.0]","[1154.0, 1165.0, 1177.0, 1189.0, 1204.0, 1217.0, 1233.0, 1253.0, 1276.0, 1299.0, 1317.0, 1337.0, 1364.0, 1391.0, 1422.0, 1453.0, 1483.0, 1514.0, 1631.0, 1673.0, 1836.0, 1848.0, 1823.0, 1798.0, 1781.0, 1031.0, 1013.0, 1001.0, 992.0, 981.0, 970.0, 962.0, 955.0, 948.0, 941.0, 936.0, 930.0, 924.0, 920.0, 915.0, 912.0, 910.0, 908.0, 908.0, 906.0, 907.0, 907.0, 908.0, 234.0, 214.0]"
0.8513,35115,-20,"[220.0, 221.0, 222.0, 224.0, 225.0, 227.0, 228.0, 229.0, 230.0, 232.0, 233.0, 238.0, 241.0, 263.0, 265.0, 266.0, 268.0, 269.0, 270.0, 272.0, 273.0, 275.0, 276.0, 277.0, 279.0, 280.0, 282.0, 283.0, 285.0, 286.0, 287.0, 289.0, 290.0, 292.0, 293.0, 294.0, 296.0, 297.0, 298.0, 300.0, 301.0, 303.0, 304.0, 306.0, 307.0, 308.0, 310.0, 311.0, 313.0, 314.0]","[328.0, 332.0, 338.0, 343.0, 348.0, 355.0, 361.0, 367.0, 375.0, 383.0, 392.0, 433.0, 459.0, 1063.0, 1070.0, 1065.0, 1060.0, 1057.0, 1057.0, 1056.0, 1055.0, 1055.0, 1055.0, 1056.0, 1056.0, 1059.0, 1064.0, 1068.0, 1071.0, 1075.0, 1080.0, 1085.0, 1093.0, 1100.0, 1106.0, 1113.0, 1124.0, 1135.0, 1145.0, 1156.0, 1170.0, 1183.0, 1196.0, 1212.0, 1225.0, 1245.0, 1268.0, 1285.0, 1306.0, 1333.0]"
0.9641,35195,-20,"[166.0, 168.0, 169.0, 171.0, 172.0, 173.0, 175.0, 176.0, 178.0, 179.0, 181.0, 182.0, 184.0, 185.0, 186.0, 188.0, 189.0, 191.0, 192.0, 194.0, 195.0, 196.0, 198.0, 200.0, 200.0, 202.0, 204.0, 205.0, 207.0, 208.0, 209.0, 211.0, 212.0, 213.0, 215.0, 216.0, 217.0, 219.0, 220.0, 221.0, 223.0, 224.0, 225.0, 227.0, 228.0, 229.0, 231.0, 232.0, 234.0, 235.0]","[345.0, 341.0, 336.0, 332.0, 329.0, 326.0, 324.0, 321.0, 319.0, 318.0, 316.0, 315.0, 314.0, 312.0, 311.0, 311.0, 310.0, 310.0, 310.0, 310.0, 310.0, 310.0, 310.0, 311.0, 312.0, 313.0, 315.0, 317.0, 319.0, 321.0, 323.0, 325.0, 327.0, 330.0, 333.0, 337.0, 340.0, 344.0, 348.0, 352.0, 357.0, 363.0, 368.0, 374.0, 381.0, 388.0, 395.0, 402.0, 412.0, 421.0]"
1.0096,35195,-20,"[166.0, 168.0, 169.0, 171.0, 172.0, 173.0, 175.0, 176.0, 178.0, 179.0, 181.0, 182.0, 184.0, 185.0, 186.0, 188.0, 189.0, 191.0, 192.0, 194.0, 195.0, 196.0, 198.0, 200.0, 200.0, 202.0, 204.0, 205.0, 207.0, 208.0, 209.0, 211.0, 212.0, 213.0, 215.0, 216.0, 217.0, 219.0, 220.0, 221.0, 223.0, 224.0, 225.0, 227.0, 228.0, 229.0, 231.0, 232.0, 234.0, 235.0]","[345.0, 341.0, 336.0, 332.0, 329.0, 326.0, 324.0, 321.0, 319.0, 318.0, 316.0, 315.0, 314.0, 312.0, 311.0, 311.0, 310.0, 310.0, 310.0, 310.0, 310.0, 310.0, 310.0, 311.0, 312.0, 313.0, 315.0, 317.0, 319.0, 321.0, 323.0, 325.0, 327.0, 330.0, 333.0, 337.0, 340.0, 344.0, 348.0, 352.0, 357.0, 363.0, 368.0, 374.0, 381.0, 388.0, 395.0, 402.0, 412.0, 421.0]"
1.0718,35276,-20,"[63.0, 65.0, 65.0, 68.0, 68.0, 71.0, 72.0, 73.0, 75.0, 76.0, 78.0, 79.0, 81.0, 82.0, 83.0, 85.0, 86.0, 88.0, 89.0, 90.0, 92.0, 93.0, 95.0, 96.0, 98.0, 99.0, 100.0, 102.0, 103.0, 105.0, 106.0, 108.0, 109.0, 110.0, 112.0, 113.0, 115.0, 116.0, 117.0, 119.0, 120.0, 122.0, 123.0, 124.0, 130.0, 169.0, 170.0, 172.0, 173.0, 175.0]","[234.0, 228.0, 224.0, 220.0, 216.0, 211.0, 208.0, 206.0, 202.0, 200.0, 198.0, 195.0, 193.0, 191.0, 189.0, 187.0, 186.0, 185.0, 183.0, 182.0, 182.0, 181.0, 180.0, 179.0, 179.0, 178.0, 178.0, 178.0, 178.0, 178.0, 179.0, 179.0, 179.0, 180.0, 181.0, 181.0, 181.0, 182.0, 184.0, 185.0, 186.0, 188.0, 189.0, 190.0, 198.0, 373.0, 368.0, 363.0, 359.0, 355.0]"
1.1105,35276,-20,"[63.0, 65.0, 65.0, 68.0, 68.0, 71.0, 72.0, 73.0, 75.0, 76.0, 78.0, 79.0, 81.0, 82.0, 83.0, 85.0, 86.0, 88.0, 89.0, 90.0, 92.0, 93.0, 95.0, 96.0, 98.0, 99.0, 100.0, 102.0, 103.0, 105.0, 106.0, 108.0, 109.0, 110.0, 112.0, 113.0, 115.0, 116.0, 117.0, 119.0, 120.0, 122.0, 123.0, 124.0, 130.0, 169.0, 170.0, 172.0, 173.0, 175.0]","[234.0, 228.0, 224.0, 220.0, 216.0, 211.0, 208.0, 206.0, 202.0, 200.0, 198.0, 195.0, 193.0, 191.0, 189.0, 187.0, 186.0, 185.0, 183.0, 182.0, 182.0, 181.0, 180.0, 179.0, 179.0, 178.0, 178.0, 178.0, 178.0, 178.0, 179.0, 179.0, 179.0, 180.0, 181.0, 181.0, 181.0, 182.0, 184.0, 185.0, 186.0, 188.0, 189.0, 190.0, 198.0, 373.0, 368.0, 363.0, 359.0, 355.0]"
1.1739,35354,-20,"[338.0, 339.0, 340.0, 342.0, 345.0, 347.0, 348.0, 350.0, 351.0, 353.0, 354.0, 355.0, 357.0, 358.0, 0.0, 1.0, 3.0, 4.0, 5.0, 7.0, 8.0, 10.0, 11.0, 13.0, 14.0, 15.0, 17.0, 18.0, 20.0, 53.0, 58.0, 60.0, 60.0, 63.0, 65.0, 65.0, 68.0, 69.0, 71.0, 73.0, 74.0, 75.0, 77.0, 78.0, 80.0, 81.0, 83.0, 84.0, 85.0, 87.0]","[1777.0, 1762.0, 1734.0, 1706.0, 956.0, 944.0, 933.0, 922.0, 912.0, 901.0, 891.0, 884.0, 877.0, 871.0, 865.0, 858.0, 854.0, 850.0, 847.0, 842.0, 839.0, 836.0, 835.0, 835.0, 833.0, 832.0, 832.0, 834.0, 835.0, 313.0, 283.0, 275.0, 269.0, 262.0, 256.0, 251.0, 245.0, 240.0, 235.0, 230.0, 227.0, 224.0, 221.0, 218.0, 215.0, 213.0, 210.0, 208.0, 206.0, 204.0]"
1.2122,35354,-20,"[338.0, 339.0, 340.0, 342.0, 345.0, 347.0, 348.0, 350.0, 351.0, 353.0, 354.0, 355.0, 357.0, 358.0, 0.0, 1.0, 3.0, 4.0, 5.0, 7.0, 8.0, 10.0, 11.0, 13.0, 14.0, 15.0, 17.0, 18.0, 20.0, 53.0, 58.0, 60.0, 60.0, 63.0, 65.0, 65.0, 68.0, 69.0, 71.0, 73.0, 74.0, 75.0, 77.0, 78.0, 80.0, 81.0, 83.0, 84.0, 85.0, 87.0]","[1777.0, 1762.0, 1734.0, 1706.0, 956.0, 944.0, 933.0, 922.0, 912.0, 901.0, 891.0, 884.0, 877.0, 871.0, 865.0, 858.0, 854.0, 850.0, 847.0, 842.0, 839.0, 836.0, 835.0, 835.0, 833.0, 832.0, 832.0, 834.0, 835.0, 313.0, 283.0, 275.0, 269.0, 262.0, 256.0, 251.0, 245.0, 240.0, 235.0, 230.0, 227.0, 224.0, 221.0, 218.0, 215.0, 213.0, 210.0, 208.0, 206.0, 204.0]"
1.276,35429,-20,"[268.0, 269.0, 271.0, 272.0, 274.0, 275.0, 276.0, 278.0, 279.0, 281.0, 282.0, 283.0, 285.0, 286.0, 288.0, 289.0, 291.0, 292.0, 293.0, 295.0, 296.0, 298.0, 299.0, 300.0, 302.0, 303.0, 305.0, 306.0, 308.0, 309.0, 310.0, 312.0, 313.0, 315.0, 316.0, 317.0, 319.0, 320.0, 322.0, 323.0, 324.0, 326.0, 327.0, 329.0, 330.0, 331.0, 333.0, 337.0, 338.0, 341.0]","[1054.0, 1047.0, 1041.0, 1039.0, 1035.0, 1033.0, 1028.0, 1024.0, 1024.0, 1022.0, 1022.0, 1022.0, 1022.0, 1023.0, 1026.0, 1029.0, 1031.0, 1034.0, 1036.0, 1038.0, 1045.0, 1053.0, 1060.0, 1067.0, 1075.0, 1083.0, 1090.0, 1099.0, 1110.0, 1122.0, 1135.0, 1147.0, 1163.0, 1176.0, 1191.0, 1212.0, 1228.0, 1246.0, 1274.0, 1292.0, 1310.0, 1337.0, 1363.0, 1392.0, 1426.0, 1467.0, 1500.0, 1630.0, 1672.0, 1745.0]"
1.3116,35429,-20,"[268.0, 269.0, 271.0, 272.0, 274.0, 275.0, 276.0, 278.0, 279.0, 281.0, 282.0, 283.0, 285.0, 286.0, 288.0, 289.0, 291.0, 292.0, 293.0, 295.0, 296.0, 298.0, 299.0, 300.0, 302.0, 303.0, 305.0, 306.0, 308.0, 309.0, 310.0, 312.0, 313.0, 315.0, 316.0, 317.0, 319.0, 320.0, 322.0, 323.0, 324.0, 326.0, 327.0, 329.0, 330.0, 331.0, 333.0, 337.0, 338.0, 341.0]","[1054.0, 1047.0, 1041.0, 1039.0, 1035.0, 1033.0, 1028.0, 1024.0, 1024.0, 1022.0, 1022.0, 1022.0, 1022.0, 1023.0, 1026.0, 1029.0, 1031.0, 1034.0, 1036.0, 1038.0, 1045.0, 1053.0, 1060.0, 1067.0, 1075.0, 1083.0, 1090.0, 1099.0, 1110.0, 1122.0, 1135.0, 1147.0, 1163.0, 1176.0, 1191.0, 1212.0, 1228.0, 1246.0, 1274.0, 1292.0, 1310.0, 1337.0, 1363.0, 1392.0, 1426.0, 1467.0, 1500.0, 1630.0, 1672.0, 1745.0]"
1.3242,35429,-20,"[268.0, 269.0, 271.0, 272.0, 274.0, 275.0, 276.0, 278.0, 279.0, 281.0, 282.0, 283.0, 285.0, 286.0, 288.0, 289.0, 291.0, 292.0, 293.0, 295.0, 296.0, 298.0, 299.0, 300.0, 302.0, 303.0, 305.0, 306.0, 308.0, 309.0, 310.0, 312.0, 313.0, 315.0, 316.0, 317.0, 319.0, 320.0, 322.0, 323.0, 324.0, 326.0, 327.0, 329.0, 330.0, 331.0, 333.0, 337.0, 338.0, 341.0]","[1054.0, 1047.0, 1041.0, 1039.0, 1035.0, 1033.0, 1028.0, 1024.0, 1024.0, 1022.0, 1022.0, 1022.0, 1022.0, 1023.0, 1026.0, 1029.0, 1031.0, 1034.0, 1036.0, 1038.0, 1045.0, 1053.0, 1060.0, 1067.0, 1075.0, 1083.0, 1090.0, 1099.0, 1110.0, 1122.0, 1135.0, 1147.0, 1163.0, 1176.0, 1191.0, 1212.0, 1228.0, 1246.0, 1274.0, 1292.0, 1310.0, 1337.0, 1363.0, 1392.0, 1426.0, 1467.0, 1500.0, 1630.0, 1672.0, 1745.0]"
1.3878,35514,-20,"[180.0, 181.0, 183.0, 184.0, 185.0, 187.0, 188.0, 190.0, 191.0, 193.0, 194.0, 196.0, 197.0, 198.0, 200.0, 201.0, 202.0, 204.0, 205.0, 207.0, 208.0, 209.0, 211.0, 212.0, 214.0, 215.0, 217.0, 218.0, 219.0, 221.0, 222.0, 224.0, 225.0, 226.0, 228.0, 229.0, 231.0, 232.0, 233.0, 235.0, 236.0, 237.0, 239.0, 240.0, 241.0, 243.0, 244.0, 246.0, 247.0, 248.0]","[415.0, 411.0, 408.0, 405.0, 401.0, 399.0, 396.0, 394.0, 392.0, 391.0, 390.0, 388.0, 387.0, 387.0, 386.0, 386.0, 386.0, 387.0, 387.0, 387.0, 389.0, 391.0, 392.0, 393.0, 396.0, 398.0, 401.0, 403.0, 405.0, 409.0, 412.0, 416.0, 421.0, 426.0, 432.0, 437.0, 443.0, 450.0, 458.0, 464.0, 471.0, 481.0, 490.0, 499.0, 510.0, 522.0, 535.0, 548.0, 562.0, 578.0]"
1.4181,35514,-20,"[180.0, 181.0, 183.0, 184.0, 185.0, 187.0, 188.0, 190.0, 191.0, 193.0, 194.0, 196.0, 197.0, 198.0, 200.0, 201.0, 202.0, 204.0, 205.0, 207.0, 208.0, 209.0, 211.0, 212.0, 214.0, 215.0, 217.0, 218.0, 219.0, 221.0, 222.0, 224.0, 225.0, 226.0, 228.0, 229.0, 231.0, 232.0, 233.0, 235.0, 236.0, 237.0, 239.0, 240.0, 241.0, 243.0, 244.0, 246.0, 247.0, 248.0]","[415.0, 411.0, 408.0, 405.0, 401.0, 399.0, 396.0, 394.0, 392.0, 391.0, 390.0, 388.0, 387.0, 387.0, 386.0, 386.0, 386.0, 387.0, 387.0, 387.0, 389.0, 391.0, 392.0, 393.0, 396.0, 398.0, 401.0, 403.0, 405.0, 409.0, 412.0, 416.0, 421.0, 426.0, 432.0, 437.0, 443.0, 450.0, 458.0, 464.0, 471.0, 481.0, 490.0, 499.0, 510.0, 522.0, 535.0, 548.0, 562.0, 578.0]"
1.4308,35514,-20,"[180.0, 181.0, 183.0, 184.0, 185.0, 187.0, 188.0, 190.0, 191.0, 193.0, 194.0, 196.0, 197.0, 198.0, 200.0, 201.0, 202.0, 204.0, 205.0, 207.0, 208.0, 209.0, 211.0, 212.0, 214.0, 215.0, 217.0, 218.0, 219.0, 221.0, 222.0, 224.0, 225.0, 226.0, 228.0, 229.0, 231.0, 232.0, 233.0, 235.0, 236.0, 237.0, 239.0, 240.0, 241.0, 243.0, 244.0, 246.0, 247.0, 248.0]","[415.0, 411.0, 408.0, 405.0, 401.0, 399.0, 396.0, 394.0, 392.0, 391.0, 390.0, 388.0, 387.0, 387.0, 386.0, 386.0, 386.0, 387.0, 387.0, 387.0, 389.0, 391.0, 392.0, 393.0, 396.0, 398.0, 401.0, 403.0, 405.0, 409.0, 412.0, 416.0, 421.0, 426.0, 432.0, 437.0, 443.0, 450.0, 458.0, 464.0, 471.0, 481.0, 490.0, 499.0, 510.0, 522.0, 535.0, 548.0, 562.0, 578.0]"
1.4946,35592,-20,"[103.0, 104.0, 106.0, 108.0, 108.0, 110.0, 112.0, 113.0, 115.0, 115.0, 118.0, 118.0, 119.0, 121.0, 122.0, 123.0, 125.0, 126.0, 127.0, 130.0, 130.0, 132.0, 133.0, 136.0, 136.0, 137.0, 138.0, 139.0, 141.0, 142.0, 144.0, 146.0, 146.0, 148.0, 149.0, 150.0, 177.0, 178.0, 179.0, 181.0, 182.0, 184.0, 185.0, 187.0, 188.0, 189.0, 191.0, 192.0, 194.0, 195.0]","[231.0, 230.0, 229.0, 229.0, 228.0, 228.0, 227.0, 227.0, 227.0, 228.0, 229.0, 229.0, 229.0, 230.0, 231.0, 232.0, 233.0, 234.0, 236.0, 237.0, 239.0, 240.0, 243.0, 245.0, 247.0, 249.0, 252.0, 255.0, 258.0, 260.0, 263.0, 268.0, 272.0, 277.0, 281.0, 285.0, 463.0, 458.0, 454.0, 449.0, 444.0, 440.0, 436.0, 433.0, 429.0, 426.0, 423.0, 420.0, 418.0, 416.0]"
1.5258,35592,-20,"[103.0, 104.0, 106.0, 108.0, 108.0, 110.0, 112.0, 113.0, 115.0, 115.0, 118.0, 118.0, 119.0, 121.0, 122.0, 123.0, 125.0, 126.0, 127.0, 130.0, 130.0, 132.0, 133.0, 136.0, 136.0, 137.0, 138.0, 139.0, 141.0, 142.0, 144.0, 146.0, 146.0, 148.0, 149.0, 150.0, 177.0, 178.0, 179.0, 181.0, 182.0, 184.0, 185.0, 187.0, 188.0, 189.0, 191.0, 192.0, 194.0, 195.0]","[231.0, 230.0, 229.0, 229.0, 228.0, 228.0, 227.0, 227.0, 227.0, 228.0, 229.0, 229.0, 229.0, 230.0, 231.0, 232.0, 233.0, 234.0, 236.0, 237.0, 239.0, 240.0, 243.0, 245.0, 247.0, 249.0, 252.0, 255.0, 258.0, 260.0, 263.0, 268.0, 272.0, 277.0, 281.0, 285.0, 463.0, 458.0, 454.0, 449.0, 444.0, 440.0, 436.0, 433.0, 429.0, 426.0, 423.0, 420.0, 418.0, 416.0]"
1.5386,35592,-20,"[103.0, 104.0, 106.0, 108.0, 108.0, 110.0, 112.0, 113.0, 115.0, 115.0, 118.0, 118.0, 119.0, 121.0, 122.0, 123.0, 125.0, 126.0, 127.0, 130.0, 130.0, 132.0, 133.0, 136.0, 136.0, 137.0, 138.0, 139.0, 141.0, 142.0, 144.0, 146.0, 146.0, 148.0, 149.0, 150.0, 177.0, 178.0, 179.0, 181.0, 182.0, 184.0, 185.0, 187.0, 188.0, 189.0, 191.0, 192.0, 194.0, 195.0]","[231.0, 230.0, 229.0, 229.0, 228.0, 228.0, 227.0, 227.0, 227.0, 228.0, 229.0, 229.0, 229.0, 230.0, 231.0, 232.0, 233.0, 234.0, 236.0, 237.0, 239.0, 240.0, 243.0, 245.0, 247.0, 249.0, 252.0, 255.0, 258.0, 260.0, 263.0, 268.0, 272.0, 277.0, 281.0, 285.0, 463.0, 458.0, 454.0, 449.0, 444.0, 440.0, 436.0, 433.0, 429.0, 426.0, 423.0, 420.0, 418.0, 416.0]"
1.6013,35670,-20,"[17.0, 18.0, 20.0, 21.0, 22.0, 24.0, 25.0, 27.0, 28.0, 30.0, 31.0, 32.0, 34.0, 38.0, 63.0, 65.0, 68.0, 69.0, 71.0, 72.0, 74.0, 75.0, 76.0, 78.0, 80.0, 82.0, 83.0, 85.0, 86.0, 87.0, 88.0, 91.0, 93.0, 93.0, 95.0, 97.0, 98.0, 100.0, 101.0, 101.0, 103.0, 106.0, 106.0, 108.0, 110.0, 110.0, 111.0, 113.0, 116.0, 116.0]","[761.0, 759.0, 757.0, 756.0, 756.0, 756.0, 754.0, 754.0, 756.0, 758.0, 761.0, 763.0, 765.0, 772.0, 377.0, 368.0, 347.0, 339.0, 331.0, 324.0, 316.0, 311.0, 305.0, 299.0, 295.0, 290.0, 284.0, 280.0, 277.0, 274.0, 271.0, 267.0, 264.0, 261.0, 258.0, 257.0, 255.0, 253.0, 252.0, 251.0, 249.0, 248.0, 247.0, 246.0, 245.0, 245.0, 245.0, 245.0, 245.0, 245.0]"
1.6146,35670,-20,"[17.0, 18.0, 20.0, 21.0, 22.0, 24.0, 25.0, 27.0, 28.0, 30.0, 31.0, 32.0, 34.0, 38.0, 63.0, 65.0, 68.0, 69.0, 71.0, 72.0, 74.0, 75.0, 76.0, 78.0, 80.0, 82.0, 83.0, 85.0, 86.0, 87.0, 88.0, 91.0, 93.0, 93.0, 95.0, 97.0, 98.0, 100.0, 101.0, 101.0, 103.0, 106.0, 106.0, 108.0, 110.0, 110.0, 111.0, 113.0, 116.0, 116.0]","[761.0, 759.0, 757.0, 756.0, 756.0, 756.0, 754.0, 754.0, 756.0, 758.0, 761.0, 763.0, 765.0, 772.0, 377.0, 368.0, 347.0, 339.0, 331.0, 324.0, 316.0, 311.0, 305.0, 299.0, 295.0, 290.0, 284.0, 280.0, 277.0, 274.0, 271.0, 267.0, 264.0, 261.0, 258.0, 257.0, 255.0, 253.0, 252.0, 251.0, 249.0, 248.0, 247.0, 246.0, 245.0, 245.0, 245.0, 245.0, 245.0, 245.0]"
1.628,35670,-20,"[17.0, 18.0, 20.0, 21.0, 22.0, 24.0, 25.0, 27.0, 28.0, 30.0, 31.0, 32.0, 34.0, 38.0, 63.0, 65.0, 68.0, 69.0, 71.0, 72.0, 74.0, 75.0, 76.0, 78.0, 80.0, 82.0, 83.0, 85.0, 86.0, 87.0, 88.0, 91.0, 93.0, 93.0, 95.0, 97.0, 98.0, 100.0, 101.0, 101.0, 103.0, 106.0, 106.0, 108.0, 110.0, 110.0, 111.0, 113.0, 116.0, 116.0]","[761.0, 759.0, 757.0, 756.0, 756.0, 756.0, 754.0, 754.0, 756.0, 758.0, 761.0, 763.0, 765.0, 772.0, 377.0, 368.0, 347.0, 339.0, 331.0, 324.0, 316.0, 311.0, 305.0, 299.0, 295.0, 290.0, 284.0, 280.0, 277.0, 274.0, 271.0, 267.0, 264.0, 261.0, 258.0, 257.0, 255.0, 253.0, 252.0, 251.0, 249.0, 248.0, 247.0, 246.0, 245.0, 245.0, 245.0, 245.0, 245.0, 245.0]"
1.6389,35670,-20,"[17.0, 18.0, 20.0, 21.0, 22.0, 24.0, 25.0, 27.0, 28.0, 30.0, 31.0, 32.0, 34.0, 38.0, 63.0, 65.0, 68.0, 69.0, 71.0, 72.0, 74.0, 75.0, 76.0, 78.0, 80.0, 82.0, 83.0, 85.0, 86.0, 87.0, 88.0, 91.0, 93.0, 93.0, 95.0, 97.0, 98.0, 100.0, 101.0, 101.0, 103.0, 106.0, 106.0, 108.0, 110.0, 110.0, 111.0, 113.0, 116.0, 116.0]","[761.0, 759.0, 757.0, 756.0, 756.0, 756.0, 754.0, 754.0, 756.0, 758.0, 761.0, 763.0, 765.0, 772.0, 377.0, 368.0, 347.0, 339.0, 331.0, 324.0, 316.0, 311.0, 305.0, 299.0, 295.0, 290.0, 284.0, 280.0, 277.0, 274.0, 271.0, 267.0, 264.0, 261.0, 258.0, 257.0, 255.0, 253.0, 252.0, 251.0, 249.0, 248.0, 247.0, 246.0, 245.0, 245.0, 245.0, 245.0, 245.0, 245.0]"
1.6501,35670,-20,"[17.0, 18.0, 20.0, 21.0, 22.0, 24.0, 25.0, 27.0, 28.0, 30.0, 31.0, 32.0, 34.0, 38.0, 63.0, 65.0, 68.0, 69.0, 71.0, 72.0, 74.0, 75.0, 76.0, 78.0, 80.0, 82.0, 83.0, 85.0, 86.0, 87.0, 88.0, 91.0, 93.0, 93.0, 95.0, 97.0, 98.0, 100.0, 101.0, 101.0, 103.0, 106.0, 106.0, 108.0, 110.0, 110.0, 111.0, 113.0, 116.0, 116.0]","[761.0, 759.0, 757.0, 756.0, 756.0, 756.0, 754.0, 754.0, 756.0, 758.0, 761.0, 763.0, 765.0, 772.0, 377.0, 368.0, 347.0, 339.0, 331.0, 324.0, 316.0, 311.0, 305.0, 299.0, 295.0, 290.0, 284.0, 280.0, 277.0, 274.0, 271.0, 267.0, 264.0, 261.0, 258.0, 257.0, 255.0, 253.0, 252.0, 251.0, 249.0, 248.0, 247.0, 246.0, 245.0, 245.0, 245.0, 245.0, 245.0, 245.0]"
1.6616,35750,-20,"[295.0, 297.0, 298.0, 299.0, 301.0, 302.0, 304.0, 305.0, 306.0, 308.0, 309.0, 311.0, 312.0, 313.0, 315.0, 316.0, 318.0, 319.0, 320.0, 322.0, 323.0, 325.0, 326.0, 328.0, 329.0, 330.0, 332.0, 333.0, 334.0, 336.0, 337.0, 339.0, 340.0, 341.0, 343.0, 344.0, 347.0, 349.0, 350.0, 351.0, 353.0, 354.0, 358.0, 359.0, 1.0, 2.0, 4.0, 5.0, 7.0, 8.0]","[976.0, 978.0, 978.0, 982.0, 987.0, 989.0, 993.0, 998.0, 1003.0, 1009.0, 1017.0, 1025.0, 1032.0, 1041.0, 1051.0, 1063.0, 1073.0, 1083.0, 1095.0, 1111.0, 1128.0, 1142.0, 1156.0, 1175.0, 1195.0, 1214.0, 1235.0, 1260.0, 1285.0, 1309.0, 1337.0, 1365.0, 1396.0, 1436.0, 1479.0, 1519.0, 1627.0, 1652.0, 1644.0, 1623.0, 1601.0, 1579.0, 833.0, 823.0, 812.0, 802.0, 792.0, 785.0, 778.0, 772.0]"
1.7701,35829,-20,"[218.0, 219.0, 221.0, 222.0, 223.0, 225.0, 226.0, 228.0, 229.0, 230.0, 232.0, 233.0, 234.0, 236.0, 237.0, 239.0, 240.0, 241.0, 243.0, 244.0, 245.0, 247.0, 248.0, 250.0, 251.0, 252.0, 254.0, 255.0, 256.0, 258.0, 259.0, 271.0, 273.0, 274.0, 275.0, 277.0, 278.0, 280.0, 281.0, 282.0, 284.0, 285.0, 287.0, 288.0, 289.0, 291.0, 292.0, 294.0, 295.0, 297.0]","[460.0, 463.0, 465.0, 468.0, 471.0, 474.0, 477.0, 481.0, 485.0, 490.0, 496.0, 501.0, 507.0, 513.0, 519.0, 527.0, 537.0, 546.0, 555.0, 565.0, 576.0, 588.0, 598.0, 611.0, 625.0, 640.0, 656.0, 673.0, 692.0, 713.0, 735.0, 1018.0, 1023.0, 1017.0, 1011.0, 1002.0, 994.0, 989.0, 983.0, 978.0, 974.0, 972.0, 967.0, 965.0, 962.0, 961.0, 960.0, 959.0, 958.0, 959.0]"
1.8173,35829,-20,"[218.0, 219.0, 221.0, 222.0, 223.0, 225.0, 226.0, 228.0, 229.0, 230.0, 232.0, 233.0, 234.0, 236.0, 237.0, 239.0, 240.0, 241.0, 243.0, 244.0, 245.0, 247.0, 248.0, 250.0, 251.0, 252.0, 254.0, 255.0, 256.0, 258.0, 259.0, 271.0, 273.0, 274.0, 275.0, 277.0, 278.0, 280.0, 281.0, 282.0, 284.0, 285.0, 287.0, 288.0, 289.0, 291.0, 292.0, 294.0, 295.0, 297.0]","[460.0, 463.0, 465.0, 468.0, 471.0, 474.0, 477.0, 481.0, 485.0, 490.0, 496.0, 501.0, 507.0, 513.0, 519.0, 527.0, 537.0, 546.0, 555.0, 565.0, 576.0, 588.0, 598.0, 611.0, 625.0, 640.0, 656.0, 673.0, 692.0, 713.0, 735.0, 1018.0, 1023.0, 1017.0, 1011.0, 1002.0, 994.0, 989.0, 983.0, 978.0, 974.0, 972.0, 967.0, 965.0, 962.0, 961.0, 960.0, 959.0, 958.0, 959.0]"
1.8808,35908,-20,"[139.0, 140.0, 142.0, 143.0, 144.0, 146.0, 147.0, 148.0, 150.0, 151.0, 152.0, 153.0, 155.0, 157.0, 158.0, 159.0, 160.0, 162.0, 163.0, 168.0, 170.0, 171.0, 172.0, 180.0, 182.0, 183.0, 185.0, 186.0, 187.0, 189.0, 190.0, 192.0, 193.0, 195.0, 196.0, 197.0, 199.0, 200.0, 202.0, 203.0, 205.0, 206.0, 208.0, 209.0, 210.0, 212.0, 214.0, 215.0, 216.0, 217.0]","[298.0, 300.0, 303.0, 306.0, 309.0, 312.0, 315.0, 319.0, 323.0, 327.0, 331.0, 336.0, 341.0, 346.0, 353.0, 359.0, 365.0, 373.0, 381.0, 417.0, 428.0, 440.0, 452.0, 549.0, 552.0, 542.0, 534.0, 529.0, 524.0, 518.0, 512.0, 507.0, 502.0, 498.0, 493.0, 490.0, 488.0, 486.0, 483.0, 481.0, 479.0, 479.0, 478.0, 478.0, 477.0, 478.0, 478.0, 478.0, 478.0, 479.0]"
1.9199,35908,-20,"[139.0, 140.0, 142.0, 143.0, 144.0, 146.0, 147.0, 148.0, 150.0, 151.0, 152.0, 153.0, 155.0, 157.0, 158.0, 159.0, 160.0, 162.0, 163.0, 168.0, 170.0, 171.0, 172.0, 180.0, 182.0, 183.0, 185.0, 186.0, 187.0, 189.0, 190.0, 192.0, 193.0, 195.0, 196.0, 197.0, 199.0, 200.0, 202.0, 203.0, 205.0, 206.0, 208.0, 209.0, 210.0, 212.0, 214.0, 215.0, 216.0, 217.0]","[298.0, 300.0, 303.0, 306.0, 309.0, 312.0, 315.0, 319.0, 323.0, 327.0, 331.0, 336.0, 341.0, 346.0, 353.0, 359.0, 365.0, 373.0, 381.0, 417.0, 428.0, 440.0, 452.0, 549.0, 552.0, 542.0, 534.0, 529.0, 524.0, 518.0, 512.0, 507.0, 502.0, 498.0, 493.0, 490.0, 488.0, 486.0, 483.0, 481.0, 479.0, 479.0, 478.0, 478.0, 477.0, 478.0, 478.0, 478.0, 478.0, 479.0]"
2.0364,35994,-20,"[67.0, 69.0, 70.0, 72.0, 75.0, 76.0, 78.0, 79.0, 81.0, 82.0, 84.0, 85.0, 87.0, 88.0, 90.0, 91.0, 93.0, 94.0, 96.0, 97.0, 99.0, 100.0, 102.0, 103.0, 105.0, 106.0, 107.0, 109.0, 110.0, 112.0, 113.0, 115.0, 116.0, 117.0, 119.0, 120.0, 122.0, 123.0, 125.0, 126.0, 127.0, 129.0, 130.0, 132.0, 133.0, 134.0, 135.0, 137.0, 139.0, 140.0]","[497.0, 483.0, 470.0, 457.0, 431.0, 421.0, 413.0, 404.0, 395.0, 387.0, 381.0, 375.0, 368.0, 361.0, 356.0, 352.0, 346.0, 342.0, 339.0, 334.0, 331.0, 328.0, 324.0, 321.0, 319.0, 317.0, 314.0, 313.0, 312.0, 310.0, 308.0, 307.0, 306.0, 306.0, 305.0, 305.0, 304.0, 304.0, 304.0, 304.0, 305.0, 306.0, 307.0, 308.0, 309.0, 310.0, 312.0, 314.0, 316.0, 318.0]"
2.0966,36080,-20,"[335.0, 336.0, 338.0, 339.0, 340.0, 342.0, 343.0, 345.0, 346.0, 347.0, 349.0, 350.0, 351.0, 353.0, 354.0, 358.0, 0.0, 1.0, 3.0, 4.0, 8.0, 9.0, 11.0, 12.0, 14.0, 15.0, 17.0, 18.0, 19.0, 21.0, 22.0, 24.0, 25.0, 27.0, 28.0, 29.0, 31.0, 32.0, 34.0, 35.0, 37.0, 38.0, 39.0, 41.0, 42.0, 44.0, 45.0, 47.0, 48.0, 49.0]","[1083.0, 1098.0, 1116.0, 1136.0, 1152.0, 1172.0, 1194.0, 1217.0, 1243.0, 1274.0, 1305.0, 1338.0, 1373.0, 1414.0, 1457.0, 1536.0, 1537.0, 1518.0, 1502.0, 1485.0, 745.0, 736.0, 728.0, 721.0, 715.0, 708.0, 700.0, 694.0, 691.0, 686.0, 682.0, 679.0, 676.0, 673.0, 670.0, 668.0, 666.0, 665.0, 665.0, 664.0, 664.0, 665.0, 666.0, 667.0, 668.0, 670.0, 673.0, 676.0, 679.0, 683.0]"
2.1199,36080,-20,"[335.0, 336.0, 338.0, 339.0, 340.0, 342.0, 343.0, 345.0, 346.0, 347.0, 349.0, 350.0, 351.0, 353.0, 354.0, 358.0, 0.0, 1.0, 3.0, 4.0, 8.0, 9.0, 11.0, 12.0, 14.0, 15.0, 17.0, 18.0, 19.0, 21.0, 22.0, 24.0, 25.0, 27.0, 28.0, 29.0, 31.0, 32.0, 34.0, 35.0, 37.0, 38.0, 39.0, 41.0, 42.0, 44.0, 45.0, 47.0, 48.0, 49.0]","[1083.0, 1098.0, 1116.0, 1136.0, 1152.0, 1172.0, 1194.0, 1217.0, 1243.0, 1274.0, 1305.0, 1338.0, 1373.0, 1414.0, 1457.0, 1536.0, 1537.0, 1518.0, 1502.0, 1485.0, 745.0, 736.0, 728.0, 721.0, 715.0, 708.0, 700.0, 694.0, 691.0, 686.0, 682.0, 679.0, 676.0, 673.0, 670.0, 668.0, 666.0, 665.0, 665.0, 664.0, 664.0, 665.0, 666.0, 667.0, 668.0, 670.0, 673.0, 676.0, 679.0, 683.0]"
2.1325,36080,-20,"[335.0, 336.0, 338.0, 339.0, 340.0, 342.0, 343.0, 345.0, 346.0, 347.0, 349.0, 350.0, 351.0, 353.0, 354.0, 358.0, 0.0, 1.0, 3.0, 4.0, 8.0, 9.0, 11.0, 12.0, 14.0, 15.0, 17.0, 18.0, 19.0, 21.0, 22.0, 24.0, 25.0, 27.0, 28.0, 29.0, 31.0, 32.0, 34.0, 35.0, 37.0, 38.0, 39.0, 41.0, 42.0, 44.0, 45.0, 47.0, 48.0, 49.0]","[1083.0, 1098.0, 1116.0, 1136.0, 1152.0, 1172.0, 1194.0, 1217.0, 1243.0, 1274.0, 1305.0, 1338.0, 1373.0, 1414.0, 1457.0, 1536.0, 1537.0, 1518.0, 1502.0, 1485.0, 745.0, 736.0, 728.0, 721.0, 715.0, 708.0, 700.0, 694.0, 691.0, 686.0, 682.0, 679.0, 676.0, 673.0, 670.0, 668.0, 666.0, 665.0, 665.0, 664.0, 664.0, 665.0, 666.0, 667.0, 668.0, 670.0, 673.0, 676.0, 679.0, 683.0]"
2.145,36080,-20,"[335.0, 336.0, 338.0, 339.0, 340.0, 342.0, 343.0, 345.0, 346.0, 347.0, 349.0, 350.0, 351.0, 353.0, 354.0, 358.0, 0.0, 1.0, 3.0, 4.0, 8.0, 9.0, 11.0, 12.0, 14.0, 15.0, 17.0, 18.0, 19.0, 21.0, 22.0, 24.0, 25.0, 27.0, 28.0, 29.0, 31.0, 32.0, 34.0, 35.0, 37.0, 38.0, 39.0, 41.0, 42.0, 44.0, 45.0, 47.0, 48.0, 49.0]","[1083.0, 1098.0, 1116.0, 1136.0, 1152.0, 1172.0, 1194.0, 1217.0, 1243.0, 1274.0, 1305.0, 1338.0, 1373.0, 1414.0, 1457.0, 1536.0, 1537.0, 1518.0, 1502.0, 1485.0, 745.0, 736.0, 728.0, 721.0, 715.0, 708.0, 700.0, 694.0, 691.0, 686.0, 682.0, 679.0, 676.0, 673.0, 670.0, 668.0, 666.0, 665.0, 665.0, 664.0, 664.0, 665.0, 666.0, 667.0, 668.0, 670.0, 673.0, 676.0, 679.0, 683.0]"
2.2089,36163,-20,"[255.0, 256.0, 258.0, 259.0, 261.0, 262.0, 263.0, 265.0, 266.0, 268.0, 269.0, 270.0, 273.0, 276.0, 277.0, 278.0, 280.0, 281.0, 283.0, 284.0, 286.0, 287.0, 289.0, 290.0, 291.0, 293.0, 294.0, 296.0, 297.0, 299.0, 300.0, 301.0, 303.0, 304.0, 306.0, 307.0, 308.0, 310.0, 311.0, 313.0, 314.0, 315.0, 317.0, 318.0, 320.0, 321.0, 322.0, 324.0, 325.0, 327.0]","[672.0, 685.0, 701.0, 716.0, 731.0, 750.0, 769.0, 789.0, 812.0, 836.0, 862.0, 890.0, 953.0, 1002.0, 987.0, 976.0, 966.0, 958.0, 952.0, 944.0, 937.0, 930.0, 922.0, 915.0, 911.0, 909.0, 902.0, 898.0, 897.0, 896.0, 895.0, 892.0, 892.0, 892.0, 892.0, 892.0, 893.0, 895.0, 897.0, 898.0, 900.0, 905.0, 909.0, 912.0, 918.0, 926.0, 933.0, 939.0, 947.0, 956.0]"
2.223,36163,-20,"[255.0, 256.0, 258.0, 259.0, 261.0, 262.0, 263.0, 265.0, 266.0, 268.0, 269.0, 270.0, 273.0, 276.0, 277.0, 278.0, 280.0, 281.0, 283.0, 284.0, 286.0, 287.0, 289.0, 290.0, 291.0, 293.0, 294.0, 296.0, 297.0, 299.0, 300.0, 301.0, 303.0, 304.0, 306.0, 307.0, 308.0, 310.0, 311.0, 313.0, 314.0, 315.0, 317.0, 318.0, 320.0, 321.0, 322.0, 324.0, 325.0, 327.0]","[672.0, 685.0, 701.0, 716.0, 731.0, 750.0, 769.0, 789.0, 812.0, 836.0, 862.0, 890.0, 953.0, 1002.0, 987.0, 976.0, 966.0, 958.0, 952.0, 944.0, 937.0, 930.0, 922.0, 915.0, 911.0, 909.0, 902.0, 898.0, 897.0, 896.0, 895.0, 892.0, 892.0, 892.0, 892.0, 892.0, 893.0, 895.0, 897.0, 898.0, 900.0, 905.0, 909.0, 912.0, 918.0, 926.0, 933.0, 939.0, 947.0, 956.0]"
2.236,36163,-20,"[255.0, 256.0, 258.0, 259.0, 261.0, 262.0, 263.0, 265.0, 266.0, 268.0, 269.0, 270.0, 273.0, 276.0, 277.0, 278.0, 280.0, 281.0, 283.0, 284.0, 286.0, 287.0, 289.0, 290.0, 291.0, 293.0, 294.0, 296.0, 297.0, 299.0, 300.0, 301.0, 303.0, 304.0, 306.0, 307.0, 308.0, 310.0, 311.0, 313.0, 314.0, 315.0, 317.0, 318.0, 320.0, 321.0, 322.0, 324.0, 325.0, 327.0]","[672.0, 685.0, 701.0, 716.0, 731.0, 750.0, 769.0, 789.0, 812.0, 836.0, 862.0, 890.0, 953.0, 1002.0, 987.0, 976.0, 966.0, 958.0, 952.0, 944.0, 937.0, 930.0, 922.0, 915.0, 911.0, 909.0, 902.0, 898.0, 897.0, 896.0, 895.0, 892.0, 892.0, 892.0, 892.0, 892.0, 893.0, 895.0, 897.0, 898.0, 900.0, 905.0, 909.0, 912.0, 918.0, 926.0, 933.0, 939.0, 947.0, 956.0]"
2.2487,36163,-20,"[255.0, 256.0, 258.0, 259.0, 261.0, 262.0, 263.0, 265.0, 266.0, 268.0, 269.0, 270.0, 273.0, 276.0, 277.0, 278.0, 280.0, 281.0, 283.0, 284.0, 286.0, 287.0, 289.0, 290.0, 291.0, 293.0, 294.0, 296.0, 297.0, 299.0, 300.0, 301.0, 303.0, 304.0, 306.0, 307.0, 308.0, 310.0, 311.0, 313.0, 314.0, 315.0, 317.0, 318.0, 320.0, 321.0, 322.0, 324.0, 325.0, 327.0]","[672.0, 685.0, 701.0, 716.0, 731.0, 750.0, 769.0, 789.0, 812.0, 836.0, 862.0, 890.0, 953.0, 1002.0, 987.0, 976.0, 966.0, 958.0, 952.0, 944.0, 937.0, 930.0, 922.0, 915.0, 911.0, 909.0, 902.0, 898.0, 897.0, 896.0, 895.0, 892.0, 892.0, 892.0, 892.0, 892.0, 893.0, 895.0, 897.0, 898.0, 900.0, 905.0, 909.0, 912.0, 918.0, 926.0, 933.0, 939.0, 947.0, 956.0]"
2.2619,36251,-20,"[175.0, 176.0, 178.0, 179.0, 180.0, 183.0, 187.0, 189.0, 190.0, 192.0, 193.0, 195.0, 196.0, 197.0, 199.0, 200.0, 202.0, 203.0, 205.0, 206.0, 208.0, 209.0, 210.0, 212.0, 213.0, 215.0, 216.0, 217.0, 219.0, 220.0, 222.0, 223.0, 225.0, 226.0, 228.0, 229.0, 230.0, 232.0, 233.0, 235.0, 236.0, 237.0, 239.0, 240.0, 241.0, 243.0, 244.0, 246.0, 247.0, 248.0]","[506.0, 517.0, 530.0, 544.0, 558.0, 593.0, 644.0, 641.0, 631.0, 622.0, 613.0, 605.0, 598.0, 591.0, 585.0, 578.0, 572.0, 567.0, 563.0, 559.0, 555.0, 552.0, 550.0, 548.0, 546.0, 544.0, 543.0, 541.0, 540.0, 540.0, 540.0, 542.0, 542.0, 543.0, 546.0, 547.0, 549.0, 551.0, 555.0, 558.0, 562.0, 567.0, 572.0, 578.0, 583.0, 589.0, 596.0, 604.0, 611.0, 619.0]"
2.3736,36338,-20,"[96.0, 98.0, 99.0, 100.0, 102.0, 103.0, 105.0, 106.0, 108.0, 109.0, 110.0, 112.0, 113.0, 115.0, 116.0, 118.0, 119.0, 120.0, 122.0, 124.0, 125.0, 126.0, 128.0, 129.0, 131.0, 132.0, 133.0, 135.0, 136.0, 138.0, 139.0, 141.0, 142.0, 143.0, 145.0, 146.0, 147.0, 149.0, 150.0, 152.0, 153.0, 154.0, 156.0, 157.0, 158.0, 160.0, 161.0, 163.0, 164.0, 165.0]","[453.0, 446.0, 438.0, 433.0, 429.0, 423.0, 419.0, 414.0, 409.0, 405.0, 402.0, 400.0, 396.0, 394.0, 391.0, 390.0, 388.0, 386.0, 384.0, 383.0, 383.0, 381.0, 381.0, 380.0, 380.0, 380.0, 379.0, 380.0, 381.0, 381.0, 382.0, 383.0, 385.0, 387.0, 388.0, 391.0, 394.0, 396.0, 400.0, 404.0, 407.0, 410.0, 415.0, 420.0, 425.0, 430.0, 435.0, 441.0, 447.0, 454.0]"
2.4232,36338,-20,"[96.0, 98.0, 99.0, 100.0, 102.0, 103.0, 105.0, 106.0, 108.0, 109.0, 110.0, 112.0, 113.0, 115.0, 116.0, 118.0, 119.0, 120.0, 122.0, 124.0, 125.0, 126.0, 128.0, 129.0, 131.0, 132.0, 133.0, 135.0, 136.0, 138.0, 139.0, 141.0, 142.0, 143.0, 145.0, 146.0, 147.0, 149.0, 150.0, 152.0, 153.0, 154.0, 156.0, 157.0, 158.0, 160.0, 161.0, 163.0, 164.0, 165.0]","[453.0, 446.0, 438.0, 433.0, 429.0, 423.0, 419.0, 414.0, 409.0, 405.0, 402.0, 400.0, 396.0, 394.0, 391.0, 390.0, 388.0, 386.0, 384.0, 383.0, 383.0, 381.0, 381.0, 380.0, 380.0, 380.0, 379.0, 380.0, 381.0, 381.0, 382.0, 383.0, 385.0, 387.0, 388.0, 391.0, 394.0, 396.0, 400.0, 404.0, 407.0, 410.0, 415.0, 420.0, 425.0, 430.0, 435.0, 441.0, 447.0, 454.0]"
2.5381,36425,-20,"[13.0, 15.0, 16.0, 17.0, 21.0, 23.0, 24.0, 26.0, 27.0, 28.0, 30.0, 31.0, 33.0, 34.0, 36.0, 37.0, 39.0, 40.0, 42.0, 43.0, 44.0, 46.0, 47.0, 48.0, 50.0, 51.0, 53.0, 54.0, 56.0, 57.0, 58.0, 60.0, 61.0, 63.0, 64.0, 65.0, 67.0, 68.0, 70.0, 71.0, 72.0, 74.0, 80.0, 81.0, 83.0, 84.0, 87.0, 88.0, 90.0, 92.0]","[1404.0, 1388.0, 1371.0, 1362.0, 658.0, 652.0, 644.0, 639.0, 636.0, 632.0, 628.0, 624.0, 619.0, 615.0, 613.0, 612.0, 610.0, 609.0, 608.0, 608.0, 608.0, 608.0, 609.0, 610.0, 611.0, 613.0, 616.0, 617.0, 619.0, 623.0, 627.0, 631.0, 635.0, 640.0, 645.0, 651.0, 658.0, 665.0, 671.0, 678.0, 688.0, 703.0, 639.0, 622.0, 605.0, 590.0, 559.0, 548.0, 537.0, 525.0]"
2.594,36513,-20,"[293.0, 294.0, 296.0, 297.0, 299.0, 300.0, 302.0, 303.0, 304.0, 306.0, 307.0, 309.0, 310.0, 312.0, 313.0, 314.0, 316.0, 317.0, 319.0, 320.0, 321.0, 323.0, 324.0, 326.0, 327.0, 328.0, 330.0, 331.0, 333.0, 334.0, 336.0, 337.0, 338.0, 340.0, 341.0, 343.0, 344.0, 345.0, 347.0, 348.0, 350.0, 351.0, 352.0, 354.0, 355.0, 356.0, 358.0, 359.0, 1.0, 2.0]","[867.0, 860.0, 855.0, 850.0, 846.0, 840.0, 835.0, 831.0, 826.0, 823.0, 822.0, 821.0, 819.0, 818.0, 819.0, 820.0, 820.0, 821.0, 822.0, 824.0, 826.0, 829.0, 832.0, 836.0, 840.0, 845.0, 850.0, 857.0, 865.0, 872.0, 880.0, 888.0, 897.0, 907.0, 915.0, 927.0, 943.0, 954.0, 966.0, 981.0, 998.0, 1016.0, 1033.0, 1052.0, 1072.0, 1092.0, 1116.0, 1143.0, 1169.0, 1197.0]"
2.6279,36513,-20,"[293.0, 294.0, 296.0, 297.0, 299.0, 300.0, 302.0, 303.0, 304.0, 306.0, 307.0, 309.0, 310.0, 312.0, 313.0, 314.0, 316.0, 317.0, 319.0, 320.0, 321.0, 323.0, 324.0, 326.0, 327.0, 328.0, 330.0, 331.0, 333.0, 334.0, 336.0, 337.0, 338.0, 340.0, 341.0, 343.0, 344.0, 345.0, 347.0, 348.0, 350.0, 351.0, 352.0, 354.0, 355.0, 356.0, 358.0, 359.0, 1.0, 2.0]","[867.0, 860.0, 855.0, 850.0, 846.0, 840.0, 835.0, 831.0, 826.0, 823.0, 822.0, 821.0, 819.0, 818.0, 819.0, 820.0, 820.0, 821.0, 822.0, 824.0, 826.0, 829.0, 832.0, 836.0, 840.0, 845.0, 850.0, 857.0, 865.0, 872.0, 880.0, 888.0, 897.0, 907.0, 915.0, 927.0, 943.0, 954.0, 966.0, 981.0, 998.0, 1016.0, 1033.0, 1052.0, 1072.0, 1092.0, 1116.0, 1143.0, 1169.0, 1197.0]"
2.6383,36513,-20,"[293.0, 294.0, 296.0, 297.0, 299.0, 300.0, 302.0, 303.0, 304.0, 306.0, 307.0, 309.0, 310.0, 312.0, 313.0, 314.0, 316.0, 317.0, 319.0, 320.0, 321.0, 323.0, 324.0, 326.0, 327.0, 328.0, 330.0, 331.0, 333.0, 334.0, 336.0, 337.0, 338.0, 340.0, 341.0, 343.0, 344.0, 345.0, 347.0, 348.0, 350.0, 351.0, 352.0, 354.0, 355.0, 356.0, 358.0, 359.0, 1.0, 2.0]","[867.0, 860.0, 855.0, 850.0, 846.0, 840.0, 835.0, 831.0, 826.0, 823.0, 822.0, 821.0, 819.0, 818.0, 819.0, 820.0, 820.0, 821.0, 822.0, 824.0, 826.0, 829.0, 832.0, 836.0, 840.0, 845.0, 850.0, 857.0, 865.0, 872.0, 880.0, 888.0, 897.0, 907.0, 915.0, 927.0, 943.0, 954.0, 966.0, 981.0, 998.0, 1016.0, 1033.0, 1052.0, 1072.0, 1092.0, 1116.0, 1143.0, 1169.0, 1197.0]"
2.7037,36587,-20,"[214.0, 216.0, 217.0, 219.0, 220.0, 221.0, 223.0, 224.0, 226.0, 227.0, 229.0, 230.0, 231.0, 233.0, 234.0, 236.0, 237.0, 239.0, 240.0, 241.0, 243.0, 244.0, 245.0, 247.0, 248.0, 250.0, 251.0, 252.0, 254.0, 255.0, 257.0, 258.0, 259.0, 261.0, 262.0, 264.0, 265.0, 266.0, 268.0, 269.0, 271.0, 272.0, 273.0, 275.0, 276.0, 277.0, 280.0, 282.0, 283.0, 284.0]","[607.0, 602.0, 599.0, 595.0, 593.0, 591.0, 590.0, 588.0, 587.0, 588.0, 587.0, 587.0, 588.0, 589.0, 591.0, 592.0, 594.0, 597.0, 599.0, 603.0, 609.0, 613.0, 616.0, 622.0, 628.0, 634.0, 641.0, 649.0, 655.0, 663.0, 672.0, 683.0, 694.0, 705.0, 716.0, 728.0, 741.0, 755.0, 771.0, 788.0, 804.0, 824.0, 844.0, 865.0, 888.0, 911.0, 951.0, 943.0, 930.0, 917.0]"
2.7279,36587,-20,"[214.0, 216.0, 217.0, 219.0, 220.0, 221.0, 223.0, 224.0, 226.0, 227.0, 229.0, 230.0, 231.0, 233.0, 234.0, 236.0, 237.0, 239.0, 240.0, 241.0, 243.0, 244.0, 245.0, 247.0, 248.0, 250.0, 251.0, 252.0, 254.0, 255.0, 257.0, 258.0, 259.0, 261.0, 262.0, 264.0, 265.0, 266.0, 268.0, 269.0, 271.0, 272.0, 273.0, 275.0, 276.0, 277.0, 280.0, 282.0, 283.0, 284.0]","[607.0, 602.0, 599.0, 595.0, 593.0, 591.0, 590.0, 588.0, 587.0, 588.0, 587.0, 587.0, 588.0, 589.0, 591.0, 592.0, 594.0, 597.0, 599.0, 603.0, 609.0, 613.0, 616.0, 622.0, 628.0, 634.0, 641.0, 649.0, 655.0, 663.0, 672.0, 683.0, 694.0, 705.0, 716.0, 728.0, 741.0, 755.0, 771.0, 788.0, 804.0, 824.0, 844.0, 865.0, 888.0, 911.0, 951.0, 943.0, 930.0, 917.0]"
2.7405,36587,-20,"[214.0, 216.0, 217.0, 219.0, 220.0, 221.0, 223.0, 224.0, 226.0, 227.0, 229.0, 230.0, 231.0, 233.0, 234.0, 236.0, 237.0, 239.0, 240.0, 241.0, 243.0, 244.0, 245.0, 247.0, 248.0, 250.0, 251.0, 252.0, 254.0, 255.0, 257.0, 258.0, 259.0, 261.0, 262.0, 264.0, 265.0, 266.0, 268.0, 269.0, 271.0, 272.0, 273.0, 275.0, 276.0, 277.0, 280.0, 282.0, 283.0, 284.0]","[607.0, 602.0, 599.0, 595.0, 593.0, 591.0, 590.0, 588.0, 587.0, 588.0, 587.0, 587.0, 588.0, 589.0, 591.0, 592.0, 594.0, 597.0, 599.0, 603.0, 609.0, 613.0, 616.0, 622.0, 628.0, 634.0, 641.0, 649.0, 655.0, 663.0, 672.0, 683.0, 694.0, 705.0, 716.0, 728.0, 741.0, 755.0, 771.0, 788.0, 804.0, 824.0, 844.0, 865.0, 888.0, 911.0, 951.0, 943.0, 930.0, 917.0]"
2.7531,36587,-20,"[214.0, 216.0, 217.0, 219.0, 220.0, 221.0, 223.0, 224.0, 226.0, 227.0, 229.0, 230.0, 231.0, 233.0, 234.0, 236.0, 237.0, 239.0, 240.0, 241.0, 243.0, 244.0, 245.0, 247.0, 248.0, 250.0, 251.0, 252.0, 254.0, 255.0, 257.0, 258.0, 259.0, 261.0, 262.0, 264.0, 265.0, 266.0, 268.0, 269.0, 271.0, 272.0, 273.0, 275.0, 276.0, 277.0, 280.0, 282.0, 283.0, 284.0]","[607.0, 602.0, 599.0, 595.0, 593.0, 591.0, 590.0, 588.0, 587.0, 588.0, 587.0, 587.0, 588.0, 589.0, 591.0, 592.0, 594.0, 597.0, 599.0, 603.0, 609.0, 613.0, 616.0, 622.0, 628.0, 634.0, 641.0, 649.0, 655.0, 663.0, 672.0, 683.0, 694.0, 705.0, 716.0, 728.0, 741.0, 755.0, 771.0, 788.0, 804.0, 824.0, 844.0, 865.0, 888.0, 911.0, 951.0, 943.0, 930.0, 917.0]"
2.8158,36669,-20,"[134.0, 136.0, 137.0, 139.0, 140.0, 141.0, 143.0, 144.0, 146.0, 147.0, 149.0, 150.0, 151.0, 153.0, 154.0, 156.0, 157.0, 158.0, 160.0, 161.0, 163.0, 164.0, 165.0, 167.0, 168.0, 169.0, 171.0, 172.0, 173.0, 175.0, 176.0, 178.0, 179.0, 180.0, 182.0, 183.0, 184.0, 186.0, 187.0, 189.0, 190.0, 191.0, 193.0, 194.0, 195.0, 197.0, 198.0, 200.0, 201.0, 203.0]","[460.0, 459.0, 460.0, 459.0, 458.0, 459.0, 459.0, 459.0, 460.0, 462.0, 464.0, 465.0, 466.0, 468.0, 471.0, 473.0, 476.0, 480.0, 485.0, 489.0, 493.0, 498.0, 504.0, 509.0, 515.0, 521.0, 528.0, 536.0, 545.0, 552.0, 561.0, 571.0, 582.0, 592.0, 604.0, 618.0, 631.0, 644.0, 659.0, 675.0, 693.0, 712.0, 733.0, 753.0, 756.0, 742.0, 729.0, 716.0, 703.0, 691.0]"
2.828,36669,-20,"[134.0, 136.0, 137.0, 139.0, 140.0, 141.0, 143.0, 144.0, 146.0, 147.0, 149.0, 150.0, 151.0, 153.0, 154.0, 156.0, 157.0, 158.0, 160.0, 161.0, 163.0, 164.0, 165.0, 167.0, 168.0, 169.0, 171.0, 172.0, 173.0, 175.0, 176.0, 178.0, 179.0, 180.0, 182.0, 183.0, 184.0, 186.0, 187.0, 189.0, 190.0, 191.0, 193.0, 194.0, 195.0, 197.0, 198.0, 200.0, 201.0, 203.0]","[460.0, 459.0, 460.0, 459.0, 458.0, 459.0, 459.0, 459.0, 460.0, 462.0, 464.0, 465.0, 466.0, 468.0, 471.0, 473.0, 476.0, 480.0, 485.0, 489.0, 493.0, 498.0, 504.0, 509.0, 515.0, 521.0, 528.0, 536.0, 545.0, 552.0, 561.0, 571.0, 582.0, 592.0, 604.0, 618.0, 631.0, 644.0, 659.0, 675.0, 693.0, 712.0, 733.0, 753.0, 756.0, 742.0, 729.0, 716.0, 703.0, 691.0]"
2.8398,36669,-20,"[134.0, 136.0, 137.0, 139.0, 140.0, 141.0, 143.0, 144.0, 146.0, 147.0, 149.0, 150.0, 151.0, 153.0, 154.0, 156.0, 157.0, 158.0, 160.0, 161.0, 163.0, 164.0, 165.0, 167.0, 168.0, 169.0, 171.0, 172.0, 173.0, 175.0, 176.0, 178.0, 179.0, 180.0, 182.0, 183.0, 184.0, 186.0, 187.0, 189.0, 190.0, 191.0, 193.0, 194.0, 195.0, 197.0, 198.0, 200.0, 201.0, 203.0]","[460.0, 459.0, 460.0, 459.0, 458.0, 459.0, 459.0, 459.0, 460.0, 462.0, 464.0, 465.0, 466.0, 468.0, 471.0, 473.0, 476.0, 480.0, 485.0, 489.0, 493.0, 498.0, 504.0, 509.0, 515.0, 521.0, 528.0, 536.0, 545.0, 552.0, 561.0, 571.0, 582.0, 592.0, 604.0, 618.0, 631.0, 644.0, 659.0, 675.0, 693.0, 712.0, 733.0, 753.0, 756.0, 742.0, 729.0, 716.0, 703.0, 691.0]"
2.8517,36669,-20,"[134.0, 136.0, 137.0, 139.0, 140.0, 141.0, 143.0, 144.0, 146.0, 147.0, 149.0, 150.0, 151.0, 153.0, 154.0, 156.0, 157.0, 158.0, 160.0, 161.0, 163.0, 164.0, 165.0, 167.0, 168.0, 169.0, 171.0, 172.0, 173.0, 175.0, 176.0, 178.0, 179.0, 180.0, 182.0, 183.0, 184.0, 186.0, 187.0, 189.0, 190.0, 191.0, 193.0, 194.0, 195.0, 197.0, 198.0, 200.0, 201.0, 203.0]","[460.0, 459.0, 460.0, 459.0, 458.0, 459.0, 459.0, 459.0, 460.0, 462.0, 464.0, 465.0, 466.0, 468.0, 471.0, 473.0, 476.0, 480.0, 485.0, 489.0, 493.0, 498.0, 504.0, 509.0, 515.0, 521.0, 528.0, 536.0, 545.0, 552.0, 561.0, 571.0, 582.0, 592.0, 604.0, 618.0, 631.0, 644.0, 659.0, 675.0, 693.0, 712.0, 733.0, 753.0, 756.0, 742.0, 729.0, 716.0, 703.0, 691.0]"
2.8639,36669,-20,"[134.0, 136.0, 137.0, 139.0, 140.0, 141.0, 143.0, 144.0, 146.0, 147.0, 149.0, 150.0, 151.0, 153.0, 154.0, 156.0, 157.0, 158.0, 160.0, 161.0, 163.0, 164.0, 165.0, 167.0, 168.0, 169.0, 171.0, 172.0, 173.0, 175.0, 176.0, 178.0, 179.0, 180.0, 182.0, 183.0, 184.0, 186.0, 187.0, 189.0, 190.0, 191.0, 193.0, 194.0, 195.0, 197.0, 198.0, 200.0, 201.0, 203.0]","[460.0, 459.0, 460.0, 459.0, 458.0, 459.0, 459.0, 459.0, 460.0, 462.0, 464.0, 465.0, 466.0, 468.0, 471.0, 473.0, 476.0, 480.0, 485.0, 489.0, 493.0, 498.0, 504.0, 509.0, 515.0, 521.0, 528.0, 536.0, 545.0, 552.0, 561.0, 571.0, 582.0, 592.0, 604.0, 618.0, 631.0, 644.0, 659.0, 675.0, 693.0, 712.0, 733.0, 753.0, 756.0, 742.0, 729.0, 716.0, 703.0, 691.0]"
2.8765,36760,-20,"[53.0, 55.0, 56.0, 58.0, 59.0, 61.0, 62.0, 63.0, 65.0, 66.0, 68.0, 69.0, 70.0, 72.0, 73.0, 75.0, 76.0, 78.0, 79.0, 80.0, 82.0, 83.0, 84.0, 86.0, 87.0, 88.0, 90.0, 91.0, 93.0, 94.0, 96.0, 97.0, 98.0, 100.0, 101.0, 103.0, 104.0, 106.0, 107.0, 109.0, 110.0, 112.0, 113.0, 114.0, 116.0, 118.0, 119.0, 120.0, 122.0, 123.0]","[563.0, 563.0, 564.0, 565.0, 567.0, 569.0, 571.0, 574.0, 576.0, 578.0, 582.0, 586.0, 590.0, 595.0, 599.0, 605.0, 612.0, 617.0, 623.0, 631.0, 639.0, 648.0, 657.0, 667.0, 676.0, 687.0, 699.0, 711.0, 708.0, 690.0, 675.0, 660.0, 646.0, 633.0, 619.0, 607.0, 597.0, 587.0, 577.0, 567.0, 560.0, 553.0, 546.0, 539.0, 532.0, 528.0, 523.0, 518.0, 514.0, 510.0]"
3.0411,36840,-20,"[334.0, 335.0, 336.0, 338.0, 339.0, 340.0, 342.0, 343.0, 345.0, 346.0, 348.0, 349.0, 350.0, 352.0, 353.0, 355.0, 356.0, 357.0, 359.0, 0.0, 1.0, 3.0, 4.0, 6.0, 7.0, 8.0, 10.0, 11.0, 13.0, 14.0, 15.0, 18.0, 21.0, 22.0, 24.0, 25.0, 27.0, 28.0, 30.0, 31.0, 32.0, 34.0, 35.0, 37.0, 41.0, 43.0, 44.0, 45.0, 47.0, 48.0]","[747.0, 750.0, 753.0, 758.0, 763.0, 768.0, 775.0, 780.0, 787.0, 795.0, 804.0, 814.0, 824.0, 834.0, 845.0, 857.0, 869.0, 883.0, 896.0, 912.0, 927.0, 945.0, 964.0, 983.0, 1005.0, 1026.0, 1051.0, 1077.0, 1105.0, 1136.0, 1170.0, 1246.0, 1336.0, 1358.0, 1349.0, 1332.0, 1317.0, 1305.0, 1295.0, 1280.0, 1267.0, 1258.0, 1249.0, 1241.0, 572.0, 568.0, 564.0, 561.0, 558.0, 557.0]"
3.0757,36840,-20,"[334.0, 335.0, 336.0, 338.0, 339.0, 340.0, 342.0, 343.0, 345.0, 346.0, 348.0, 349.0, 350.0, 352.0, 353.0, 355.0, 356.0, 357.0, 359.0, 0.0, 1.0, 3.0, 4.0, 6.0, 7.0, 8.0, 10.0, 11.0, 13.0, 14.0, 15.0, 18.0, 21.0, 22.0, 24.0, 25.0, 27.0, 28.0, 30.0, 31.0, 32.0, 34.0, 35.0, 37.0, 41.0, 43.0, 44.0, 45.0, 47.0, 48.0]","[747.0, 750.0, 753.0, 758.0, 763.0, 768.0, 775.0, 780.0, 787.0, 795.0, 804.0, 814.0, 824.0, 834.0, 845.0, 857.0, 869.0, 883.0, 896.0, 912.0, 927.0, 945.0, 964.0, 983.0, 1005.0, 1026.0, 1051.0, 1077.0, 1105.0, 1136.0, 1170.0, 1246.0, 1336.0, 1358.0, 1349.0, 1332.0, 1317.0, 1305.0, 1295.0, 1280.0, 1267.0, 1258.0, 1249.0, 1241.0, 572.0, 568.0, 564.0, 561.0, 558.0, 557.0]"
3.0866,36840,-20,"[334.0, 335.0, 336.0, 338.0, 339.0, 340.0, 342.0, 343.0, 345.0, 346.0, 348.0, 349.0, 350.0, 352.0, 353.0, 355.0, 356.0, 357.0, 359.0, 0.0, 1.0, 3.0, 4.0, 6.0, 7.0, 8.0, 10.0, 11.0, 13.0, 14.0, 15.0, 18.0, 21.0, 22.0, 24.0, 25.0, 27.0, 28.0, 30.0, 31.0, 32.0, 34.0, 35.0, 37.0, 41.0, 43.0, 44.0, 45.0, 47.0, 48.0]","[747.0, 750.0, 753.0, 758.0, 763.0, 768.0, 775.0, 780.0, 787.0, 795.0, 804.0, 814.0, 824.0, 834.0, 845.0, 857.0, 869.0, 883.0, 896.0, 912.0, 927.0, 945.0, 964.0, 983.0, 1005.0, 1026.0, 1051.0, 1077.0, 1105.0, 1136.0, 1170.0, 1246.0, 1336.0, 1358.0, 1349.0, 1332.0, 1317.0, 1305.0, 1295.0, 1280.0, 1267.0, 1258.0, 1249.0, 1241.0, 572.0, 568.0, 564.0, 561.0, 558.0, 557.0]"
3.0992,36919,-20,"[254.0, 255.0, 256.0, 258.0, 259.0, 261.0, 262.0, 263.0, 265.0, 266.0, 267.0, 269.0, 270.0, 272.0, 273.0, 274.0, 276.0, 277.0, 278.0, 280.0, 281.0, 283.0, 284.0, 285.0, 287.0, 288.0, 290.0, 291.0, 293.0, 294.0, 296.0, 297.0, 298.0, 300.0, 301.0, 303.0, 304.0, 306.0, 307.0, 308.0, 310.0, 311.0, 313.0, 314.0, 315.0, 317.0, 318.0, 320.0, 321.0, 323.0]","[656.0, 661.0, 666.0, 673.0, 680.0, 688.0, 695.0, 703.0, 712.0, 722.0, 733.0, 744.0, 755.0, 768.0, 782.0, 797.0, 812.0, 827.0, 845.0, 864.0, 882.0, 904.0, 910.0, 897.0, 881.0, 865.0, 851.0, 838.0, 826.0, 815.0, 805.0, 796.0, 786.0, 778.0, 769.0, 761.0, 752.0, 747.0, 742.0, 736.0, 731.0, 726.0, 722.0, 720.0, 716.0, 713.0, 710.0, 709.0, 706.0, 706.0]"
3.1282,36919,-20,"[254.0, 255.0, 256.0, 258.0, 259.0, 261.0, 262.0, 263.0, 265.0, 266.0, 267.0, 269.0, 270.0, 272.0, 273.0, 274.0, 276.0, 277.0, 278.0, 280.0, 281.0, 283.0, 284.0, 285.0, 287.0, 288.0, 290.0, 291.0, 293.0, 294.0, 296.0, 297.0, 298.0, 300.0, 301.0, 303.0, 304.0, 306.0, 307.0, 308.0, 310.0, 311.0, 313.0, 314.0, 315.0, 317.0, 318.0, 320.0, 321.0, 323.0]","[656.0, 661.0, 666.0, 673.0, 680.0, 688.0, 695.0, 703.0, 712.0, 722.0, 733.0, 744.0, 755.0, 768.0, 782.0, 797.0, 812.0, 827.0, 845.0, 864.0, 882.0, 904.0, 910.0, 897.0, 881.0, 865.0, 851.0, 838.0, 826.0, 815.0, 805.0, 796.0, 786.0, 778.0, 769.0, 761.0, 752.0, 747.0, 742.0, 736.0, 731.0, 726.0, 722.0, 720.0, 716.0, 713.0, 710.0, 709.0, 706.0, 706.0]"
3.1383,36919,-20,"[254.0, 255.0, 256.0, 258.0, 259.0, 261.0, 262.0, 263.0, 265.0, 266.0, 267.0, 269.0, 270.0, 272.0, 273.0, 274.0, 276.0, 277.0, 278.0, 280.0, 281.0, 283.0, 284.0, 285.0, 287.0, 288.0, 290.0, 291.0, 293.0, 294.0, 296.0, 297.0, 298.0, 300.0, 301.0, 303.0, 304.0, 306.0, 307.0, 308.0, 310.0, 311.0, 313.0, 314.0, 315.0, 317.0, 318.0, 320.0, 321.0, 323.0]","[656.0, 661.0, 666.0, 673.0, 680.0, 688.0, 695.0, 703.0, 712.0, 722.0, 733.0, 744.0, 755.0, 768.0, 782.0, 797.0, 812.0, 827.0, 845.0, 864.0, 882.0, 904.0, 910.0, 897.0, 881.0, 865.0, 851.0, 838.0, 826.0, 815.0, 805.0, 796.0, 786.0, 778.0, 769.0, 761.0, 752.0, 747.0, 742.0, 736.0, 731.0, 726.0, 722.0, 720.0, 716.0, 713.0, 710.0, 709.0, 706.0, 706.0]"
3.2013,36998,-20,"[173.0, 175.0, 176.0, 177.0, 179.0, 180.0, 182.0, 183.0, 184.0, 186.0, 187.0, 189.0, 190.0, 191.0, 193.0, 194.0, 195.0, 197.0, 198.0, 200.0, 201.0, 203.0, 204.0, 205.0, 207.0, 208.0, 210.0, 211.0, 213.0, 214.0, 216.0, 217.0, 218.0, 220.0, 221.0, 223.0, 224.0, 226.0, 227.0, 228.0, 230.0, 231.0, 233.0, 234.0, 236.0, 237.0, 238.0, 240.0, 241.0, 243.0]","[600.0, 606.0, 612.0, 621.0, 629.0, 637.0, 646.0, 657.0, 667.0, 678.0, 689.0, 703.0, 716.0, 731.0, 748.0, 764.0, 781.0, 801.0, 822.0, 835.0, 828.0, 808.0, 792.0, 779.0, 764.0, 751.0, 740.0, 727.0, 717.0, 708.0, 699.0, 691.0, 682.0, 676.0, 671.0, 664.0, 658.0, 654.0, 651.0, 647.0, 642.0, 639.0, 637.0, 636.0, 636.0, 635.0, 634.0, 634.0, 634.0, 636.0]"
3.2319,36998,-20,"[173.0, 175.0, 176.0, 177.0, 179.0, 180.0, 182.0, 183.0, 184.0, 186.0, 187.0, 189.0, 190.0, 191.0, 193.0, 194.0, 195.0, 197.0, 198.0, 200.0, 201.0, 203.0, 204.0, 205.0, 207.0, 208.0, 210.0, 211.0, 213.0, 214.0, 216.0, 217.0, 218.0, 220.0, 221.0, 223.0, 224.0, 226.0, 227.0, 228.0, 230.0, 231.0, 233.0, 234.0, 236.0, 237.0, 238.0, 240.0, 241.0, 243.0]","[600.0, 606.0, 612.0, 621.0, 629.0, 637.0, 646.0, 657.0, 667.0, 678.0, 689.0, 703.0, 716.0, 731.0, 748.0, 764.0, 781.0, 801.0, 822.0, 835.0, 828.0, 808.0, 792.0, 779.0, 764.0, 751.0, 740.0, 727.0, 717.0, 708.0, 699.0, 691.0, 682.0, 676.0, 671.0, 664.0, 658.0, 654.0, 651.0, 647.0, 642.0, 639.0, 637.0, 636.0, 636.0, 635.0, 634.0, 634.0, 634.0, 636.0]"
3.2445,36998,-20,"[173.0, 175.0, 176.0, 177.0, 179.0, 180.0, 182.0, 183.0, 184.0, 186.0, 187.0, 189.0, 190.0, 191.0, 193.0, 194.0, 195.0, 197.0, 198.0, 200.0, 201.0, 203.0, 204.0, 205.0, 207.0, 208.0, 210.0, 211.0, 213.0, 214.0, 216.0, 217.0, 218.0, 220.0, 221.0, 223.0, 224.0, 226.0, 227.0, 228.0, 230.0, 231.0, 233.0, 234.0, 236.0, 237.0, 238.0, 240.0, 241.0, 243.0]","[600.0, 606.0, 612.0, 621.0, 629.0, 637.0, 646.0, 657.0, 667.0, 678.0, 689.0, 703.0, 716.0, 731.0, 748.0, 764.0, 781.0, 801.0, 822.0, 835.0, 828.0, 808.0, 792.0, 779.0, 764.0, 751.0, 740.0, 727.0, 717.0, 708.0, 699.0, 691.0, 682.0, 676.0, 671.0, 664.0, 658.0, 654.0, 651.0, 647.0, 642.0, 639.0, 637.0, 636.0, 636.0, 635.0, 634.0, 634.0, 634.0, 636.0]"
3.3091,37078,-20,"[93.0, 94.0, 95.0, 97.0, 98.0, 99.0, 101.0, 102.0, 104.0, 105.0, 106.0, 108.0, 109.0, 111.0, 112.0, 114.0, 115.0, 116.0, 118.0, 119.0, 121.0, 122.0, 124.0, 125.0, 127.0, 128.0, 130.0, 131.0, 132.0, 134.0, 135.0, 137.0, 138.0, 140.0, 141.0, 142.0, 144.0, 145.0, 147.0, 148.0, 150.0, 151.0, 152.0, 154.0, 155.0, 156.0, 158.0, 159.0, 161.0, 162.0]","[622.0, 631.0, 641.0, 652.0, 662.0, 674.0, 687.0, 701.0, 717.0, 734.0, 745.0, 741.0, 728.0, 715.0, 703.0, 692.0, 681.0, 671.0, 661.0, 653.0, 643.0, 636.0, 629.0, 623.0, 617.0, 609.0, 603.0, 599.0, 594.0, 591.0, 589.0, 586.0, 583.0, 579.0, 578.0, 577.0, 574.0, 573.0, 573.0, 572.0, 573.0, 573.0, 572.0, 574.0, 574.0, 576.0, 579.0, 579.0, 581.0, 585.0]"
3.3319,37078,-20,"[93.0, 94.0, 95.0, 97.0, 98.0, 99.0, 101.0, 102.0, 104.0, 105.0, 106.0, 108.0, 109.0, 111.0, 112.0, 114.0, 115.0, 116.0, 118.0, 119.0, 121.0, 122.0, 124.0, 125.0, 127.0, 128.0, 130.0, 131.0, 132.0, 134.0, 135.0, 137.0, 138.0, 140.0, 141.0, 142.0, 144.0, 145.0, 147.0, 148.0, 150.0, 151.0, 152.0, 154.0, 155.0, 156.0, 158.0, 159.0, 161.0, 162.0]","[622.0, 631.0, 641.0, 652.0, 662.0, 674.0, 687.0, 701.0, 717.0, 734.0, 745.0, 741.0, 728.0, 715.0, 703.0, 692.0, 681.0, 671.0, 661.0, 653.0, 643.0, 636.0, 629.0, 623.0, 617.0, 609.0, 603.0, 599.0, 594.0, 591.0, 589.0, 586.0, 583.0, 579.0, 578.0, 577.0, 574.0, 573.0, 573.0, 572.0, 573.0, 573.0, 572.0, 574.0, 574.0, 576.0, 579.0, 579.0, 581.0, 585.0]"
3.345,37078,-20,"[93.0, 94.0, 95.0, 97.0, 98.0, 99.0, 101.0, 102.0, 104.0, 105.0, 106.0, 108.0, 109.0, 111.0, 112.0, 114.0, 115.0, 116.0, 118.0, 119.0, 121.0, 122.0, 124.0, 125.0, 127.0, 128.0, 130.0, 131.0, 132.0, 134.0, 135.0, 137.0, 138.0, 140.0, 141.0, 142.0, 144.0, 145.0, 147.0, 148.0, 150.0, 151.0, 152.0, 154.0, 155.0, 156.0, 158.0, 159.0, 161.0, 162.0]","[622.0, 631.0, 641.0, 652.0, 662.0, 674.0, 687.0, 701.0, 717.0, 734.0, 745.0, 741.0, 728.0, 715.0, 703.0, 692.0, 681.0, 671.0, 661.0, 653.0, 643.0, 636.0, 629.0, 623.0, 617.0, 609.0, 603.0, 599.0, 594.0, 591.0, 589.0, 586.0, 583.0, 579.0, 578.0, 577.0, 574.0, 573.0, 573.0, 572.0, 573.0, 573.0, 572.0, 574.0, 574.0, 576.0, 579.0, 579.0, 581.0, 585.0]"
3.3576,37078,-20,"[93.0, 94.0, 95.0, 97.0, 98.0, 99.0, 101.0, 102.0, 104.0, 105.0, 106.0, 108.0, 109.0, 111.0, 112.0, 114.0, 115.0, 116.0, 118.0, 119.0, 121.0, 122.0, 124.0, 125.0, 127.0, 128.0, 130.0, 131.0, 132.0, 134.0, 135.0, 137.0, 138.0, 140.0, 141.0, 142.0, 144.0, 145.0, 147.0, 148.0, 150.0, 151.0, 152.0, 154.0, 155.0, 156.0, 158.0, 159.0, 161.0, 162.0]","[622.0, 631.0, 641.0, 652.0, 662.0, 674.0, 687.0, 701.0, 717.0, 734.0, 745.0, 741.0, 728.0, 715.0, 703.0, 692.0, 681.0, 671.0, 661.0, 653.0, 643.0, 636.0, 629.0, 623.0, 617.0, 609.0, 603.0, 599.0, 594.0, 591.0, 589.0, 586.0, 583.0, 579.0, 578.0, 577.0, 574.0, 573.0, 573.0, 572.0, 573.0, 573.0, 572.0, 574.0, 574.0, 576.0, 579.0, 579.0, 581.0, 585.0]"
3.3701,37157,-20,"[13.0, 14.0, 15.0, 17.0, 18.0, 19.0, 21.0, 22.0, 24.0, 29.0, 33.0, 35.0, 36.0, 38.0, 39.0, 40.0, 42.0, 43.0, 45.0, 46.0, 48.0, 49.0, 51.0, 52.0, 59.0, 61.0, 62.0, 64.0, 65.0, 66.0, 68.0, 69.0, 71.0, 72.0, 73.0, 75.0, 76.0, 78.0, 79.0, 80.0, 82.0, 83.0, 84.0, 86.0, 88.0, 89.0, 90.0, 92.0, 93.0, 94.0]","[851.0, 870.0, 889.0, 908.0, 930.0, 952.0, 975.0, 1001.0, 1031.0, 1175.0, 1294.0, 1288.0, 1273.0, 1261.0, 1247.0, 1235.0, 1224.0, 1217.0, 1212.0, 1205.0, 1197.0, 1191.0, 1185.0, 1177.0, 529.0, 528.0, 527.0, 527.0, 527.0, 527.0, 527.0, 528.0, 529.0, 531.0, 533.0, 535.0, 538.0, 542.0, 544.0, 547.0, 552.0, 556.0, 560.0, 566.0, 573.0, 579.0, 585.0, 591.0, 598.0, 607.0]"
3.4847,37242,-20,"[292.0, 294.0, 295.0, 296.0, 298.0, 299.0, 301.0, 302.0, 304.0, 305.0, 307.0, 308.0, 309.0, 311.0, 312.0, 314.0, 315.0, 317.0, 318.0, 319.0, 321.0, 322.0, 324.0, 325.0, 327.0, 328.0, 330.0, 331.0, 332.0, 334.0, 335.0, 337.0, 338.0, 339.0, 341.0, 342.0, 344.0, 345.0, 347.0, 348.0, 349.0, 351.0, 352.0, 354.0, 355.0, 356.0, 358.0, 359.0, 0.0, 2.0]","[809.0, 794.0, 779.0, 767.0, 756.0, 744.0, 732.0, 721.0, 710.0, 702.0, 693.0, 683.0, 676.0, 669.0, 663.0, 657.0, 652.0, 648.0, 642.0, 637.0, 635.0, 632.0, 628.0, 626.0, 624.0, 622.0, 621.0, 620.0, 620.0, 619.0, 619.0, 620.0, 621.0, 622.0, 623.0, 625.0, 628.0, 631.0, 634.0, 637.0, 641.0, 645.0, 650.0, 655.0, 660.0, 667.0, 673.0, 679.0, 688.0, 696.0]"
3.5343,37242,-20,"[292.0, 294.0, 295.0, 296.0, 298.0, 299.0, 301.0, 302.0, 304.0, 305.0, 307.0, 308.0, 309.0, 311.0, 312.0, 314.0, 315.0, 317.0, 318.0, 319.0, 321.0, 322.0, 324.0, 325.0, 327.0, 328.0, 330.0, 331.0, 332.0, 334.0, 335.0, 337.0, 338.0, 339.0, 341.0, 342.0, 344.0, 345.0, 347.0, 348.0, 349.0, 351.0, 352.0, 354.0, 355.0, 356.0, 358.0, 359.0, 0.0, 2.0]","[809.0, 794.0, 779.0, 767.0, 756.0, 744.0, 732.0, 721.0, 710.0, 702.0, 693.0, 683.0, 676.0, 669.0, 663.0, 657.0, 652.0, 648.0, 642.0, 637.0, 635.0, 632.0, 628.0, 626.0, 624.0, 622.0, 621.0, 620.0, 620.0, 619.0, 619.0, 620.0, 621.0, 622.0, 623.0, 625.0, 628.0, 631.0, 634.0, 637.0, 641.0, 645.0, 650.0, 655.0, 660.0, 667.0, 673.0, 679.0, 688.0, 696.0]"
3.5971,37323,-20,"[211.0, 213.0, 214.0, 216.0, 217.0, 219.0, 220.0, 222.0, 223.0, 225.0, 226.0, 227.0, 229.0, 230.0, 232.0, 233.0, 235.0, 236.0, 237.0, 239.0, 240.0, 242.0, 243.0, 245.0, 246.0, 247.0, 249.0, 250.0, 252.0, 253.0, 254.0, 256.0, 257.0, 259.0, 260.0, 262.0, 263.0, 264.0, 266.0, 267.0, 269.0, 270.0, 271.0, 273.0, 274.0, 276.0, 277.0, 278.0, 280.0, 281.0]","[824.0, 808.0, 792.0, 777.0, 765.0, 753.0, 742.0, 733.0, 724.0, 714.0, 706.0, 699.0, 694.0, 687.0, 682.0, 677.0, 672.0, 669.0, 665.0, 662.0, 660.0, 659.0, 657.0, 657.0, 656.0, 657.0, 657.0, 657.0, 658.0, 658.0, 661.0, 664.0, 667.0, 671.0, 674.0, 677.0, 681.0, 686.0, 691.0, 697.0, 705.0, 712.0, 719.0, 727.0, 736.0, 744.0, 754.0, 765.0, 776.0, 787.0]"
3.6368,37323,-20,"[211.0, 213.0, 214.0, 216.0, 217.0, 219.0, 220.0, 222.0, 223.0, 225.0, 226.0, 227.0, 229.0, 230.0, 232.0, 233.0, 235.0, 236.0, 237.0, 239.0, 240.0, 242.0, 243.0, 245.0, 246.0, 247.0, 249.0, 250.0, 252.0, 253.0, 254.0, 256.0, 257.0, 259.0, 260.0, 262.0, 263.0, 264.0, 266.0, 267.0, 269.0, 270.0, 271.0, 273.0, 274.0, 276.0, 277.0, 278.0, 280.0, 281.0]","[824.0, 808.0, 792.0, 777.0, 765.0, 753.0, 742.0, 733.0, 724.0, 714.0, 706.0, 699.0, 694.0, 687.0, 682.0, 677.0, 672.0, 669.0, 665.0, 662.0, 660.0, 659.0, 657.0, 657.0, 656.0, 657.0, 657.0, 657.0, 658.0, 658.0, 661.0, 664.0, 667.0, 671.0, 674.0, 677.0, 681.0, 686.0, 691.0, 697.0, 705.0, 712.0, 719.0, 727.0, 736.0, 744.0, 754.0, 765.0, 776.0, 787.0]"
3.6996,37405,-20,"[132.0, 134.0, 135.0, 137.0, 138.0, 139.0, 141.0, 142.0, 144.0, 145.0, 147.0, 148.0, 149.0, 151.0, 152.0, 154.0, 155.0, 157.0, 158.0, 159.0, 161.0, 162.0, 164.0, 165.0, 167.0, 168.0, 169.0, 171.0, 172.0, 174.0, 175.0, 176.0, 178.0, 179.0, 181.0, 182.0, 183.0, 185.0, 186.0, 188.0, 189.0, 190.0, 192.0, 193.0, 195.0, 196.0, 197.0, 199.0, 200.0, 201.0]","[734.0, 724.0, 716.0, 711.0, 705.0, 698.0, 693.0, 688.0, 684.0, 680.0, 677.0, 674.0, 671.0, 670.0, 668.0, 665.0, 664.0, 666.0, 666.0, 666.0, 666.0, 667.0, 668.0, 670.0, 671.0, 674.0, 677.0, 678.0, 681.0, 684.0, 687.0, 693.0, 697.0, 702.0, 709.0, 717.0, 724.0, 731.0, 738.0, 745.0, 755.0, 765.0, 774.0, 785.0, 797.0, 811.0, 824.0, 839.0, 853.0, 870.0]"
3.7375,37405,-20,"[132.0, 134.0, 135.0, 137.0, 138.0, 139.0, 141.0, 142.0, 144.0, 145.0, 147.0, 148.0, 149.0, 151.0, 152.0, 154.0, 155.0, 157.0, 158.0, 159.0, 161.0, 162.0, 164.0, 165.0, 167.0, 168.0, 169.0, 171.0, 172.0, 174.0, 175.0, 176.0, 178.0, 179.0, 181.0, 182.0, 183.0, 185.0, 186.0, 188.0, 189.0, 190.0, 192.0, 193.0, 195.0, 196.0, 197.0, 199.0, 200.0, 201.0]","[734.0, 724.0, 716.0, 711.0, 705.0, 698.0, 693.0, 688.0, 684.0, 680.0, 677.0, 674.0, 671.0, 670.0, 668.0, 665.0, 664.0, 666.0, 666.0, 666.0, 666.0, 667.0, 668.0, 670.0, 671.0, 674.0, 677.0, 678.0, 681.0, 684.0, 687.0, 693.0, 697.0, 702.0, 709.0, 717.0, 724.0, 731.0, 738.0, 745.0, 755.0, 765.0, 774.0, 785.0, 797.0, 811.0, 824.0, 839.0, 853.0, 870.0]"
3.7494,37405,-20,"[132.0, 134.0, 135.0, 137.0, 138.0, 139.0, 141.0, 142.0, 144.0, 145.0, 147.0, 148.0, 149.0, 151.0, 152.0, 154.0, 155.0, 157.0, 158.0, 159.0, 161.0, 162.0, 164.0, 165.0, 167.0, 168.0, 169.0, 171.0, 172.0, 174.0, 175.0, 176.0, 178.0, 179.0, 181.0, 182.0, 183.0, 185.0, 186.0, 188.0, 189.0, 190.0, 192.0, 193.0, 195.0, 196.0, 197.0, 199.0, 200.0, 201.0]","[734.0, 724.0, 716.0, 711.0, 705.0, 698.0, 693.0, 688.0, 684.0, 680.0, 677.0, 674.0, 671.0, 670.0, 668.0, 665.0, 664.0, 666.0, 666.0, 666.0, 666.0, 667.0, 668.0, 670.0, 671.0, 674.0, 677.0, 678.0, 681.0, 684.0, 687.0, 693.0, 697.0, 702.0, 709.0, 717.0, 724.0, 731.0, 738.0, 745.0, 755.0, 765.0, 774.0, 785.0, 797.0, 811.0, 824.0, 839.0, 853.0, 870.0]"
3.8132,37489,-20,"[51.0, 52.0, 54.0, 55.0, 57.0, 58.0, 59.0, 61.0, 62.0, 64.0, 65.0, 66.0, 68.0, 69.0, 71.0, 72.0, 77.0, 78.0, 79.0, 81.0, 82.0, 84.0, 85.0, 86.0, 88.0, 89.0, 91.0, 92.0, 93.0, 95.0, 96.0, 97.0, 99.0, 100.0, 102.0, 103.0, 104.0, 106.0, 107.0, 109.0, 110.0, 111.0, 113.0, 114.0, 115.0, 117.0, 118.0, 119.0, 121.0, 122.0]","[1209.0, 1201.0, 1192.0, 1185.0, 1176.0, 1169.0, 1168.0, 1163.0, 1156.0, 1153.0, 1150.0, 1150.0, 1150.0, 1147.0, 1146.0, 1146.0, 515.0, 523.0, 524.0, 519.0, 520.0, 522.0, 524.0, 527.0, 530.0, 533.0, 537.0, 541.0, 545.0, 550.0, 556.0, 561.0, 567.0, 575.0, 583.0, 589.0, 597.0, 606.0, 616.0, 626.0, 637.0, 647.0, 660.0, 673.0, 688.0, 703.0, 718.0, 735.0, 753.0, 773.0]"
3.8366,37489,-20,"[51.0, 52.0, 54.0, 55.0, 57.0, 58.0, 59.0, 61.0, 62.0, 64.0, 65.0, 66.0, 68.0, 69.0, 71.0, 72.0, 77.0, 78.0, 79.0, 81.0, 82.0, 84.0, 85.0, 86.0, 88.0, 89.0, 91.0, 92.0, 93.0, 95.0, 96.0, 97.0, 99.0, 100.0, 102.0, 103.0, 104.0, 106.0, 107.0, 109.0, 110.0, 111.0, 113.0, 114.0, 115.0, 117.0, 118.0, 119.0, 121.0, 122.0]","[1209.0, 1201.0, 1192.0, 1185.0, 1176.0, 1169.0, 1168.0, 1163.0, 1156.0, 1153.0, 1150.0, 1150.0, 1150.0, 1147.0, 1146.0, 1146.0, 515.0, 523.0, 524.0, 519.0, 520.0, 522.0, 524.0, 527.0, 530.0, 533.0, 537.0, 541.0, 545.0, 550.0, 556.0, 561.0, 567.0, 575.0, 583.0, 589.0, 597.0, 606.0, 616.0, 626.0, 637.0, 647.0, 660.0, 673.0, 688.0, 703.0, 718.0, 735.0, 753.0, 773.0]"
3.8481,37489,-20,"[51.0, 52.0, 54.0, 55.0, 57.0, 58.0, 59.0, 61.0, 62.0, 64.0, 65.0, 66.0, 68.0, 69.0, 71.0, 72.0, 77.0, 78.0, 79.0, 81.0, 82.0, 84.0, 85.0, 86.0, 88.0, 89.0, 91.0, 92.0, 93.0, 95.0, 96.0, 97.0, 99.0, 100.0, 102.0, 103.0, 104.0, 106.0, 107.0, 109.0, 110.0, 111.0, 113.0, 114.0, 115.0, 117.0, 118.0, 119.0, 121.0, 122.0]","[1209.0, 1201.0, 1192.0, 1185.0, 1176.0, 1169.0, 1168.0, 1163.0, 1156.0, 1153.0, 1150.0, 1150.0, 1150.0, 1147.0, 1146.0, 1146.0, 515.0, 523.0, 524.0, 519.0, 520.0, 522.0, 524.0, 527.0, 530.0, 533.0, 537.0, 541.0, 545.0, 550.0, 556.0, 561.0, 567.0, 575.0, 583.0, 589.0, 597.0, 606.0, 616.0, 626.0, 637.0, 647.0, 660.0, 673.0, 688.0, 703.0, 718.0, 735.0, 753.0, 773.0]"
3.8608,37489,-20,"[51.0, 52.0, 54.0, 55.0, 57.0, 58.0, 59.0, 61.0, 62.0, 64.0, 65.0, 66.0, 68.0, 69.0, 71.0, 72.0, 77.0, 78.0, 79.0, 81.0, 82.0, 84.0, 85.0, 86.0, 88.0, 89.0, 91.0, 92.0, 93.0, 95.0, 96.0, 97.0, 99.0, 100.0, 102.0, 103.0, 104.0, 106.0, 107.0, 109.0, 110.0, 111.0, 113.0, 114.0, 115.0, 117.0, 118.0, 119.0, 121.0, 122.0]","[1209.0, 1201.0, 1192.0, 1185.0, 1176.0, 1169.0, 1168.0, 1163.0, 1156.0, 1153.0, 1150.0, 1150.0, 1150.0, 1147.0, 1146.0, 1146.0, 515.0, 523.0, 524.0, 519.0, 520.0, 522.0, 524.0, 527.0, 530.0, 533.0, 537.0, 541.0, 545.0, 550.0, 556.0, 561.0, 567.0, 575.0, 583.0, 589.0, 597.0, 606.0, 616.0, 626.0, 637.0, 647.0, 660.0, 673.0, 688.0, 703.0, 718.0, 735.0, 753.0, 773.0]"
3.9245,37571,-20,"[331.0, 333.0, 334.0, 336.0, 337.0, 338.0, 340.0, 341.0, 343.0, 344.0, 346.0, 347.0, 348.0, 350.0, 351.0, 352.0, 354.0, 355.0, 357.0, 358.0, 359.0, 1.0, 2.0, 4.0, 5.0, 6.0, 8.0, 9.0, 11.0, 12.0, 13.0, 15.0, 16.0, 18.0, 19.0, 20.0, 22.0, 23.0, 24.0, 26.0, 27.0, 29.0, 30.0, 31.0, 33.0, 34.0, 35.0, 37.0, 38.0, 50.0]","[534.0, 531.0, 529.0, 528.0, 526.0, 525.0, 524.0, 523.0, 523.0, 523.0, 523.0, 523.0, 525.0, 526.0, 527.0, 528.0, 530.0, 532.0, 536.0, 539.0, 543.0, 546.0, 552.0, 556.0, 560.0, 567.0, 573.0, 579.0, 586.0, 593.0, 601.0, 610.0, 618.0, 628.0, 639.0, 651.0, 663.0, 674.0, 686.0, 702.0, 716.0, 732.0, 750.0, 768.0, 787.0, 809.0, 832.0, 856.0, 882.0, 1224.0]"
3.9376,37571,-20,"[331.0, 333.0, 334.0, 336.0, 337.0, 338.0, 340.0, 341.0, 343.0, 344.0, 346.0, 347.0, 348.0, 350.0, 351.0, 352.0, 354.0, 355.0, 357.0, 358.0, 359.0, 1.0, 2.0, 4.0, 5.0, 6.0, 8.0, 9.0, 11.0, 12.0, 13.0, 15.0, 16.0, 18.0, 19.0, 20.0, 22.0, 23.0, 24.0, 26.0, 27.0, 29.0, 30.0, 31.0, 33.0, 34.0, 35.0, 37.0, 38.0, 50.0]","[534.0, 531.0, 529.0, 528.0, 526.0, 525.0, 524.0, 523.0, 523.0, 523.0, 523.0, 523.0, 525.0, 526.0, 527.0, 528.0, 530.0, 532.0, 536.0, 539.0, 543.0, 546.0, 552.0, 556.0, 560.0, 567.0, 573.0, 579.0, 586.0, 593.0, 601.0, 610.0, 618.0, 628.0, 639.0, 651.0, 663.0, 674.0, 686.0, 702.0, 716.0, 732.0, 750.0, 768.0, 787.0, 809.0, 832.0, 856.0, 882.0, 1224.0]"
3.9503,37571,-20,"[331.0, 333.0, 334.0, 336.0, 337.0, 338.0, 340.0, 341.0, 343.0, 344.0, 346.0, 347.0, 348.0, 350.0, 351.0, 352.0, 354.0, 355.0, 357.0, 358.0, 359.0, 1.0, 2.0, 4.0, 5.0, 6.0, 8.0, 9.0, 11.0, 12.0, 13.0, 15.0, 16.0, 18.0, 19.0, 20.0, 22.0, 23.0, 24.0, 26.0, 27.0, 29.0, 30.0, 31.0, 33.0, 34.0, 35.0, 37.0, 38.0, 50.0]","[534.0, 531.0, 529.0, 528.0, 526.0, 525.0, 524.0, 523.0, 523.0, 523.0, 523.0, 523.0, 525.0, 526.0, 527.0, 528.0, 530.0, 532.0, 536.0, 539.0, 543.0, 546.0, 552.0, 556.0, 560.0, 567.0, 573.0, 579.0, 586.0, 593.0, 601.0, 610.0, 618.0, 628.0, 639.0, 651.0, 663.0, 674.0, 686.0, 702.0, 716.0, 732.0, 750.0, 768.0, 787.0, 809.0, 832.0, 856.0, 882.0, 1224.0]"
3.9617,37571,-20,"[331.0, 333.0, 334.0, 336.0, 337.0, 338.0, 340.0, 341.0, 343.0, 344.0, 346.0, 347.0, 348.0, 350.0, 351.0, 352.0, 354.0, 355.0, 357.0, 358.0, 359.0, 1.0, 2.0, 4.0, 5.0, 6.0, 8.0, 9.0, 11.0, 12.0, 13.0, 15.0, 16.0, 18.0, 19.0, 20.0, 22.0, 23.0, 24.0, 26.0, 27.0, 29.0, 30.0, 31.0, 33.0, 34.0, 35.0, 37.0, 38.0, 50.0]","[534.0, 531.0, 529.0, 528.0, 526.0, 525.0, 524.0, 523.0, 523.0, 523.0, 523.0, 523.0, 525.0, 526.0, 527.0, 528.0, 530.0, 532.0, 536.0, 539.0, 543.0, 546.0, 552.0, 556.0, 560.0, 567.0, 573.0, 579.0, 586.0, 593.0, 601.0, 610.0, 618.0, 628.0, 639.0, 651.0, 663.0, 674.0, 686.0, 702.0, 716.0, 732.0, 750.0, 768.0, 787.0, 809.0, 832.0, 856.0, 882.0, 1224.0]"
3.9743,37571,-20,"[331.0, 333.0, 334.0, 336.0, 337.0, 338.0, 340.0, 341.0, 343.0, 344.0, 346.0, 347.0, 348.0, 350.0, 351.0, 352.0, 354.0, 355.0, 357.0, 358.0, 359.0, 1.0, 2.0, 4.0, 5.0, 6.0, 8.0, 9.0, 11.0, 12.0, 13.0, 15.0, 16.0, 18.0, 19.0, 20.0, 22.0, 23.0, 24.0, 26.0, 27.0, 29.0, 30.0, 31.0, 33.0, 34.0, 35.0, 37.0, 38.0, 50.0]","[534.0, 531.0, 529.0, 528.0, 526.0, 525.0, 524.0, 523.0, 523.0, 523.0, 523.0, 523.0, 525.0, 526.0, 527.0, 528.0, 530.0, 532.0, 536.0, 539.0, 543.0, 546.0, 552.0, 556.0, 560.0, 567.0, 573.0, 579.0, 586.0, 593.0, 601.0, 610.0, 618.0, 628.0, 639.0, 651.0, 663.0, 674.0, 686.0, 702.0, 716.0, 732.0, 750.0, 768.0, 787.0, 809.0, 832.0, 856.0, 882.0, 1224.0]"
3.9871,37648,-20,"[251.0, 252.0, 254.0, 255.0, 257.0, 258.0, 259.0, 261.0, 262.0, 264.0, 265.0, 267.0, 268.0, 269.0, 271.0, 272.0, 273.0, 275.0, 276.0, 278.0, 279.0, 280.0, 282.0, 283.0, 285.0, 286.0, 287.0, 289.0, 290.0, 292.0, 293.0, 294.0, 296.0, 298.0, 299.0, 300.0, 302.0, 303.0, 305.0, 306.0, 308.0, 309.0, 311.0, 312.0, 314.0, 315.0, 316.0, 318.0, 319.0, 321.0]","[664.0, 664.0, 663.0, 662.0, 661.0, 661.0, 663.0, 665.0, 666.0, 668.0, 670.0, 673.0, 677.0, 681.0, 684.0, 688.0, 693.0, 700.0, 708.0, 715.0, 721.0, 727.0, 735.0, 747.0, 756.0, 765.0, 775.0, 786.0, 798.0, 797.0, 781.0, 760.0, 739.0, 719.0, 701.0, 687.0, 673.0, 660.0, 646.0, 632.0, 620.0, 610.0, 598.0, 589.0, 582.0, 571.0, 563.0, 556.0, 549.0, 544.0]"
4.0969,37729,-20,"[170.0, 171.0, 172.0, 174.0, 175.0, 177.0, 178.0, 179.0, 181.0, 182.0, 184.0, 185.0, 187.0, 188.0, 189.0, 191.0, 192.0, 193.0, 195.0, 196.0, 198.0, 199.0, 201.0, 202.0, 203.0, 205.0, 206.0, 207.0, 209.0, 210.0, 212.0, 213.0, 215.0, 216.0, 218.0, 219.0, 221.0, 222.0, 223.0, 225.0, 226.0, 228.0, 229.0, 231.0, 232.0, 234.0, 235.0, 236.0, 238.0, 239.0]","[756.0, 758.0, 758.0, 760.0, 762.0, 764.0, 767.0, 770.0, 774.0, 779.0, 783.0, 787.0, 794.0, 802.0, 808.0, 815.0, 824.0, 832.0, 840.0, 850.0, 861.0, 872.0, 884.0, 898.0, 911.0, 925.0, 940.0, 959.0, 975.0, 992.0, 991.0, 967.0, 942.0, 917.0, 894.0, 872.0, 851.0, 834.0, 818.0, 802.0, 788.0, 775.0, 763.0, 751.0, 741.0, 733.0, 725.0, 717.0, 708.0, 700.0]"
4.1406,37729,-20,"[170.0, 171.0, 172.0, 174.0, 175.0, 177.0, 178.0, 179.0, 181.0, 182.0, 184.0, 185.0, 187.0, 188.0, 189.0, 191.0, 192.0, 193.0, 195.0, 196.0, 198.0, 199.0, 201.0, 202.0, 203.0, 205.0, 206.0, 207.0, 209.0, 210.0, 212.0, 213.0, 215.0, 216.0, 218.0, 219.0, 221.0, 222.0, 223.0, 225.0, 226.0, 228.0, 229.0, 231.0, 232.0, 234.0, 235.0, 236.0, 238.0, 239.0]","[756.0, 758.0, 758.0, 760.0, 762.0, 764.0, 767.0, 770.0, 774.0, 779.0, 783.0, 787.0, 794.0, 802.0, 808.0, 815.0, 824.0, 832.0, 840.0, 850.0, 861.0, 872.0, 884.0, 898.0, 911.0, 925.0, 940.0, 959.0, 975.0, 992.0, 991.0, 967.0, 942.0, 917.0, 894.0, 872.0, 851.0, 834.0, 818.0, 802.0, 788.0, 775.0, 763.0, 751.0, 741.0, 733.0, 725.0, 717.0, 708.0, 700.0]"
4.2044,37809,-20,"[94.0, 96.0, 97.0, 98.0, 100.0, 101.0, 103.0, 104.0, 105.0, 107.0, 108.0, 109.0, 111.0, 112.0, 114.0, 115.0, 116.0, 118.0, 119.0, 121.0, 122.0, 123.0, 125.0, 126.0, 127.0, 129.0, 130.0, 131.0, 133.0, 137.0, 138.0, 140.0, 141.0, 142.0, 144.0, 145.0, 147.0, 148.0, 150.0, 151.0, 153.0, 154.0, 155.0, 157.0, 158.0, 160.0, 161.0, 162.0, 164.0, 165.0]","[529.0, 533.0, 535.0, 540.0, 544.0, 549.0, 553.0, 558.0, 564.0, 569.0, 577.0, 585.0, 593.0, 601.0, 609.0, 619.0, 629.0, 640.0, 653.0, 665.0, 679.0, 693.0, 708.0, 724.0, 742.0, 760.0, 779.0, 800.0, 824.0, 895.0, 893.0, 884.0, 875.0, 865.0, 856.0, 848.0, 840.0, 833.0, 825.0, 818.0, 813.0, 807.0, 803.0, 800.0, 797.0, 793.0, 790.0, 787.0, 785.0, 784.0]"
4.2422,37809,-20,"[94.0, 96.0, 97.0, 98.0, 100.0, 101.0, 103.0, 104.0, 105.0, 107.0, 108.0, 109.0, 111.0, 112.0, 114.0, 115.0, 116.0, 118.0, 119.0, 121.0, 122.0, 123.0, 125.0, 126.0, 127.0, 129.0, 130.0, 131.0, 133.0, 137.0, 138.0, 140.0, 141.0, 142.0, 144.0, 145.0, 147.0, 148.0, 150.0, 151.0, 153.0, 154.0, 155.0, 157.0, 158.0, 160.0, 161.0, 162.0, 164.0, 165.0]","[529.0, 533.0, 535.0, 540.0, 544.0, 549.0, 553.0, 558.0, 564.0, 569.0, 577.0, 585.0, 593.0, 601.0, 609.0, 619.0, 629.0, 640.0, 653.0, 665.0, 679.0, 693.0, 708.0, 724.0, 742.0, 760.0, 779.0, 800.0, 824.0, 895.0, 893.0, 884.0, 875.0, 865.0, 856.0, 848.0, 840.0, 833.0, 825.0, 818.0, 813.0, 807.0, 803.0, 800.0, 797.0, 793.0, 790.0, 787.0, 785.0, 784.0]"
4.3056,37887,-20,"[10.0, 12.0, 13.0, 15.0, 16.0, 18.0, 19.0, 20.0, 22.0, 23.0, 25.0, 26.0, 27.0, 28.0, 30.0, 31.0, 33.0, 34.0, 35.0, 37.0, 38.0, 40.0, 41.0, 42.0, 44.0, 45.0, 48.0, 61.0, 63.0, 64.0, 66.0, 67.0, 68.0, 70.0, 71.0, 73.0, 74.0, 76.0, 77.0, 78.0, 80.0, 81.0, 83.0, 84.0, 85.0, 87.0, 88.0, 90.0, 100.0, 101.0]","[461.0, 465.0, 469.0, 474.0, 479.0, 484.0, 490.0, 497.0, 503.0, 510.0, 518.0, 527.0, 535.0, 544.0, 553.0, 563.0, 576.0, 589.0, 601.0, 615.0, 630.0, 645.0, 661.0, 679.0, 699.0, 720.0, 767.0, 1179.0, 1193.0, 1185.0, 1177.0, 1171.0, 1168.0, 1163.0, 1156.0, 1153.0, 1151.0, 1148.0, 1147.0, 1146.0, 1148.0, 1149.0, 1148.0, 1149.0, 1148.0, 1150.0, 1151.0, 1145.0, 540.0, 545.0]"
4.3415,37887,-20,"[10.0, 12.0, 13.0, 15.0, 16.0, 18.0, 19.0, 20.0, 22.0, 23.0, 25.0, 26.0, 27.0, 28.0, 30.0, 31.0, 33.0, 34.0, 35.0, 37.0, 38.0, 40.0, 41.0, 42.0, 44.0, 45.0, 48.0, 61.0, 63.0, 64.0, 66.0, 67.0, 68.0, 70.0, 71.0, 73.0, 74.0, 76.0, 77.0, 78.0, 80.0, 81.0, 83.0, 84.0, 85.0, 87.0, 88.0, 90.0, 100.0, 101.0]","[461.0, 465.0, 469.0, 474.0, 479.0, 484.0, 490.0, 497.0, 503.0, 510.0, 518.0, 527.0, 535.0, 544.0, 553.0, 563.0, 576.0, 589.0, 601.0, 615.0, 630.0, 645.0, 661.0, 679.0, 699.0, 720.0, 767.0, 1179.0, 1193.0, 1185.0, 1177.0, 1171.0, 1168.0, 1163.0, 1156.0, 1153.0, 1151.0, 1148.0, 1147.0, 1146.0, 1148.0, 1149.0, 1148.0, 1149.0, 1148.0, 1150.0, 1151.0, 1145.0, 540.0, 545.0]"
4.3542,37887,-20,"[10.0, 12.0, 13.0, 15.0, 16.0, 18.0, 19.0, 20.0, 22.0, 23.0, 25.0, 26.0, 27.0, 28.0, 30.0, 31.0, 33.0, 34.0, 35.0, 37.0, 38.0, 40.0, 41.0, 42.0, 44.0, 45.0, 48.0, 61.0, 63.0, 64.0, 66.0, 67.0, 68.0, 70.0, 71.0, 73.0, 74.0, 76.0, 77.0, 78.0, 80.0, 81.0, 83.0, 84.0, 85.0, 87.0, 88.0, 90.0, 100.0, 101.0]","[461.0, 465.0, 469.0, 474.0, 479.0, 484.0, 490.0, 497.0, 503.0, 510.0, 518.0, 527.0, 535.0, 544.0, 553.0, 563.0, 576.0, 589.0, 601.0, 615.0, 630.0, 645.0, 661.0, 679.0, 699.0, 720.0, 767.0, 1179.0, 1193.0, 1185.0, 1177.0, 1171.0, 1168.0, 1163.0, 1156.0, 1153.0, 1151.0, 1148.0, 1147.0, 1146.0, 1148.0, 1149.0, 1148.0, 1149.0, 1148.0, 1150.0, 1151.0, 1145.0, 540.0, 545.0]"
4.4199,37977,-20,"[289.0, 290.0, 291.0, 293.0, 294.0, 299.0, 302.0, 303.0, 306.0, 307.0, 309.0, 310.0, 312.0, 313.0, 315.0, 316.0, 318.0, 319.0, 321.0, 322.0, 324.0, 325.0, 327.0, 328.0, 329.0, 331.0, 332.0, 334.0, 335.0, 337.0, 338.0, 340.0, 341.0, 343.0, 344.0, 345.0, 347.0, 349.0, 350.0, 351.0, 353.0, 354.0, 355.0, 357.0, 358.0, 0.0, 1.0, 3.0, 4.0, 5.0]","[716.0, 724.0, 732.0, 742.0, 752.0, 691.0, 649.0, 632.0, 596.0, 581.0, 567.0, 555.0, 543.0, 532.0, 521.0, 511.0, 502.0, 493.0, 485.0, 477.0, 470.0, 464.0, 459.0, 453.0, 448.0, 442.0, 437.0, 434.0, 430.0, 426.0, 422.0, 419.0, 417.0, 415.0, 414.0, 413.0, 410.0, 409.0, 408.0, 408.0, 407.0, 406.0, 406.0, 406.0, 407.0, 408.0, 409.0, 410.0, 411.0, 413.0]"
4.4657,37977,-20,"[289.0, 290.0, 291.0, 293.0, 294.0, 299.0, 302.0, 303.0, 306.0, 307.0, 309.0, 310.0, 312.0, 313.0, 315.0, 316.0, 318.0, 319.0, 321.0, 322.0, 324.0, 325.0, 327.0, 328.0, 329.0, 331.0, 332.0, 334.0, 335.0, 337.0, 338.0, 340.0, 341.0, 343.0, 344.0, 345.0, 347.0, 349.0, 350.0, 351.0, 353.0, 354.0, 355.0, 357.0, 358.0, 0.0, 1.0, 3.0, 4.0, 5.0]","[716.0, 724.0, 732.0, 742.0, 752.0, 691.0, 649.0, 632.0, 596.0, 581.0, 567.0, 555.0, 543.0, 532.0, 521.0, 511.0, 502.0, 493.0, 485.0, 477.0, 470.0, 464.0, 459.0, 453.0, 448.0, 442.0, 437.0, 434.0, 430.0, 426.0, 422.0, 419.0, 417.0, 415.0, 414.0, 413.0, 410.0, 409.0, 408.0, 408.0, 407.0, 406.0, 406.0, 406.0, 407.0, 408.0, 409.0, 410.0, 411.0, 413.0]"
4.5299,38066,-20,"[208.0, 209.0, 211.0, 212.0, 213.0, 215.0, 216.0, 222.0, 223.0, 225.0, 226.0, 228.0, 229.0, 231.0, 232.0, 234.0, 235.0, 237.0, 238.0, 239.0, 241.0, 242.0, 244.0, 245.0, 247.0, 248.0, 249.0, 251.0, 252.0, 254.0, 255.0, 257.0, 258.0, 259.0, 261.0, 262.0, 264.0, 265.0, 267.0, 268.0, 269.0, 271.0, 272.0, 274.0, 275.0, 276.0, 278.0, 279.0, 280.0, 282.0]","[967.0, 980.0, 994.0, 1009.0, 1027.0, 1042.0, 1056.0, 951.0, 925.0, 899.0, 878.0, 857.0, 836.0, 819.0, 803.0, 787.0, 773.0, 762.0, 752.0, 740.0, 729.0, 719.0, 711.0, 702.0, 697.0, 691.0, 684.0, 680.0, 675.0, 670.0, 666.0, 663.0, 660.0, 657.0, 655.0, 653.0, 652.0, 652.0, 651.0, 651.0, 650.0, 652.0, 653.0, 654.0, 656.0, 657.0, 659.0, 663.0, 667.0, 670.0]"
4.5451,38066,-20,"[208.0, 209.0, 211.0, 212.0, 213.0, 215.0, 216.0, 222.0, 223.0, 225.0, 226.0, 228.0, 229.0, 231.0, 232.0, 234.0, 235.0, 237.0, 238.0, 239.0, 241.0, 242.0, 244.0, 245.0, 247.0, 248.0, 249.0, 251.0, 252.0, 254.0, 255.0, 257.0, 258.0, 259.0, 261.0, 262.0, 264.0, 265.0, 267.0, 268.0, 269.0, 271.0, 272.0, 274.0, 275.0, 276.0, 278.0, 279.0, 280.0, 282.0]","[967.0, 980.0, 994.0, 1009.0, 1027.0, 1042.0, 1056.0, 951.0, 925.0, 899.0, 878.0, 857.0, 836.0, 819.0, 803.0, 787.0, 773.0, 762.0, 752.0, 740.0, 729.0, 719.0, 711.0, 702.0, 697.0, 691.0, 684.0, 680.0, 675.0, 670.0, 666.0, 663.0, 660.0, 657.0, 655.0, 653.0, 652.0, 652.0, 651.0, 651.0, 650.0, 652.0, 653.0, 654.0, 656.0, 657.0, 659.0, 663.0, 667.0, 670.0]"
4.5567,38066,-20,"[208.0, 209.0, 211.0, 212.0, 213.0, 215.0, 216.0, 222.0, 223.0, 225.0, 226.0, 228.0, 229.0, 231.0, 232.0, 234.0, 235.0, 237.0, 238.0, 239.0, 241.0, 242.0, 244.0, 245.0, 247.0, 248.0, 249.0, 251.0, 252.0, 254.0, 255.0, 257.0, 258.0, 259.0, 261.0, 262.0, 264.0, 265.0, 267.0, 268.0, 269.0, 271.0, 272.0, 274.0, 275.0, 276.0, 278.0, 279.0, 280.0, 282.0]","[967.0, 980.0, 994.0, 1009.0, 1027.0, 1042.0, 1056.0, 951.0, 925.0, 899.0, 878.0, 857.0, 836.0, 819.0, 803.0, 787.0, 773.0, 762.0, 752.0, 740.0, 729.0, 719.0, 711.0, 702.0, 697.0, 691.0, 684.0, 680.0, 675.0, 670.0, 666.0, 663.0, 660.0, 657.0, 655.0, 653.0, 652.0, 652.0, 651.0, 651.0, 650.0, 652.0, 653.0, 654.0, 656.0, 657.0, 659.0, 663.0, 667.0, 670.0]"
4.5694,38066,-20,"[208.0, 209.0, 211.0, 212.0, 213.0, 215.0, 216.0, 222.0, 223.0, 225.0, 226.0, 228.0, 229.0, 231.0, 232.0, 234.0, 235.0, 237.0, 238.0, 239.0, 241.0, 242.0, 244.0, 245.0, 247.0, 248.0, 249.0, 251.0, 252.0, 254.0, 255.0, 257.0, 258.0, 259.0, 261.0, 262.0, 264.0, 265.0, 267.0, 268.0, 269.0, 271.0, 272.0, 274.0, 275.0, 276.0, 278.0, 279.0, 280.0, 282.0]","[967.0, 980.0, 994.0, 1009.0, 1027.0, 1042.0, 1056.0, 951.0, 925.0, 899.0, 878.0, 857.0, 836.0, 819.0, 803.0, 787.0, 773.0, 762.0, 752.0, 740.0, 729.0, 719.0, 711.0, 702.0, 697.0, 691.0, 684.0, 680.0, 675.0, 670.0, 666.0, 663.0, 660.0, 657.0, 655.0, 653.0, 652.0, 652.0, 651.0, 651.0, 650.0, 652.0, 653.0, 654.0, 656.0, 657.0, 659.0, 663.0, 667.0, 670.0]"
4.5808,38144,-20,"[129.0, 130.0, 132.0, 133.0, 134.0, 136.0, 137.0, 138.0, 140.0, 141.0, 143.0, 144.0, 148.0, 149.0, 151.0, 152.0, 154.0, 155.0, 157.0, 158.0, 159.0, 161.0, 162.0, 164.0, 165.0, 166.0, 168.0, 169.0, 171.0, 172.0, 174.0, 175.0, 176.0, 178.0, 179.0, 181.0, 182.0, 184.0, 185.0, 186.0, 188.0, 189.0, 191.0, 192.0, 193.0, 195.0, 196.0, 198.0, 199.0, 200.0]","[679.0, 691.0, 706.0, 722.0, 738.0, 755.0, 773.0, 793.0, 815.0, 838.0, 863.0, 889.0, 977.0, 984.0, 972.0, 964.0, 956.0, 945.0, 938.0, 930.0, 920.0, 914.0, 909.0, 904.0, 899.0, 893.0, 889.0, 886.0, 883.0, 880.0, 880.0, 879.0, 879.0, 878.0, 880.0, 879.0, 879.0, 881.0, 884.0, 886.0, 887.0, 890.0, 894.0, 897.0, 900.0, 905.0, 913.0, 920.0, 927.0, 935.0]"
4.6992,38223,-20,"[49.0, 50.0, 53.0, 54.0, 57.0, 77.0, 78.0, 80.0, 81.0, 83.0, 84.0, 85.0, 87.0, 88.0, 90.0, 91.0, 92.0, 94.0, 95.0, 97.0, 98.0, 100.0, 101.0, 102.0, 116.0, 118.0, 119.0, 121.0, 122.0, 123.0, 125.0, 126.0, 127.0, 129.0, 130.0, 131.0, 133.0, 134.0, 136.0, 137.0, 138.0, 140.0, 141.0, 142.0, 144.0, 147.0, 149.0, 152.0, 153.0, 155.0]","[499.0, 512.0, 542.0, 558.0, 594.0, 1186.0, 1178.0, 1173.0, 1170.0, 1168.0, 1167.0, 1164.0, 1162.0, 1163.0, 1163.0, 1164.0, 1166.0, 1167.0, 1168.0, 1170.0, 1172.0, 1174.0, 1178.0, 1184.0, 600.0, 595.0, 601.0, 607.0, 616.0, 625.0, 634.0, 642.0, 652.0, 662.0, 674.0, 687.0, 701.0, 715.0, 731.0, 748.0, 765.0, 782.0, 803.0, 826.0, 849.0, 902.0, 961.0, 1021.0, 1008.0, 997.0]"
4.7448,38223,-20,"[49.0, 50.0, 53.0, 54.0, 57.0, 77.0, 78.0, 80.0, 81.0, 83.0, 84.0, 85.0, 87.0, 88.0, 90.0, 91.0, 92.0, 94.0, 95.0, 97.0, 98.0, 100.0, 101.0, 102.0, 116.0, 118.0, 119.0, 121.0, 122.0, 123.0, 125.0, 126.0, 127.0, 129.0, 130.0, 131.0, 133.0, 134.0, 136.0, 137.0, 138.0, 140.0, 141.0, 142.0, 144.0, 147.0, 149.0, 152.0, 153.0, 155.0]","[499.0, 512.0, 542.0, 558.0, 594.0, 1186.0, 1178.0, 1173.0, 1170.0, 1168.0, 1167.0, 1164.0, 1162.0, 1163.0, 1163.0, 1164.0, 1166.0, 1167.0, 1168.0, 1170.0, 1172.0, 1174.0, 1178.0, 1184.0, 600.0, 595.0, 601.0, 607.0, 616.0, 625.0, 634.0, 642.0, 652.0, 662.0, 674.0, 687.0, 701.0, 715.0, 731.0, 748.0, 765.0, 782.0, 803.0, 826.0, 849.0, 902.0, 961.0, 1021.0, 1008.0, 997.0]"
4.8083,38302,-20,"[328.0, 330.0, 332.0, 333.0, 334.0, 336.0, 337.0, 339.0, 341.0, 342.0, 343.0, 345.0, 347.0, 348.0, 349.0, 351.0, 352.0, 353.0, 355.0, 356.0, 357.0, 359.0, 1.0, 2.0, 3.0, 5.0, 6.0, 7.0, 9.0, 11.0, 12.0, 13.0, 15.0, 16.0, 17.0, 19.0, 20.0, 21.0, 23.0, 24.0, 26.0, 27.0, 28.0, 30.0, 31.0, 32.0, 34.0, 35.0, 36.0, 38.0]","[381.0, 373.0, 367.0, 363.0, 357.0, 353.0, 349.0, 345.0, 341.0, 338.0, 335.0, 332.0, 329.0, 327.0, 325.0, 322.0, 321.0, 321.0, 320.0, 318.0, 317.0, 317.0, 316.0, 316.0, 316.0, 316.0, 317.0, 317.0, 317.0, 317.0, 318.0, 318.0, 320.0, 321.0, 323.0, 325.0, 328.0, 330.0, 333.0, 336.0, 338.0, 342.0, 345.0, 350.0, 353.0, 357.0, 362.0, 367.0, 372.0, 377.0]"
4.8449,38302,-20,"[328.0, 330.0, 332.0, 333.0, 334.0, 336.0, 337.0, 339.0, 341.0, 342.0, 343.0, 345.0, 347.0, 348.0, 349.0, 351.0, 352.0, 353.0, 355.0, 356.0, 357.0, 359.0, 1.0, 2.0, 3.0, 5.0, 6.0, 7.0, 9.0, 11.0, 12.0, 13.0, 15.0, 16.0, 17.0, 19.0, 20.0, 21.0, 23.0, 24.0, 26.0, 27.0, 28.0, 30.0, 31.0, 32.0, 34.0, 35.0, 36.0, 38.0]","[381.0, 373.0, 367.0, 363.0, 357.0, 353.0, 349.0, 345.0, 341.0, 338.0, 335.0, 332.0, 329.0, 327.0, 325.0, 322.0, 321.0, 321.0, 320.0, 318.0, 317.0, 317.0, 316.0, 316.0, 316.0, 316.0, 317.0, 317.0, 317.0, 317.0, 318.0, 318.0, 320.0, 321.0, 323.0, 325.0, 328.0, 330.0, 333.0, 336.0, 338.0, 342.0, 345.0, 350.0, 353.0, 357.0, 362.0, 367.0, 372.0, 377.0]"
4.8575,38302,-20,"[328.0, 330.0, 332.0, 333.0, 334.0, 336.0, 337.0, 339.0, 341.0, 342.0, 343.0, 345.0, 347.0, 348.0, 349.0, 351.0, 352.0, 353.0, 355.0, 356.0, 357.0, 359.0, 1.0, 2.0, 3.0, 5.0, 6.0, 7.0, 9.0, 11.0, 12.0, 13.0, 15.0, 16.0, 17.0, 19.0, 20.0, 21.0, 23.0, 24.0, 26.0, 27.0, 28.0, 30.0, 31.0, 32.0, 34.0, 35.0, 36.0, 38.0]","[381.0, 373.0, 367.0, 363.0, 357.0, 353.0, 349.0, 345.0, 341.0, 338.0, 335.0, 332.0, 329.0, 327.0, 325.0, 322.0, 321.0, 321.0, 320.0, 318.0, 317.0, 317.0, 316.0, 316.0, 316.0, 316.0, 317.0, 317.0, 317.0, 317.0, 318.0, 318.0, 320.0, 321.0, 323.0, 325.0, 328.0, 330.0, 333.0, 336.0, 338.0, 342.0, 345.0, 350.0, 353.0, 357.0, 362.0, 367.0, 372.0, 377.0]"
4.921,38374,-20,"[246.0, 247.0, 249.0, 250.0, 251.0, 253.0, 254.0, 256.0, 257.0, 258.0, 260.0, 261.0, 263.0, 264.0, 266.0, 267.0, 268.0, 270.0, 271.0, 273.0, 274.0, 276.0, 277.0, 278.0, 280.0, 281.0, 283.0, 284.0, 285.0, 287.0, 288.0, 290.0, 291.0, 292.0, 294.0, 295.0, 296.0, 298.0, 313.0, 316.0, 317.0, 319.0, 320.0, 322.0, 323.0, 325.0, 327.0, 328.0, 330.0, 331.0]","[723.0, 715.0, 705.0, 696.0, 688.0, 681.0, 673.0, 666.0, 660.0, 656.0, 651.0, 646.0, 642.0, 638.0, 637.0, 635.0, 633.0, 629.0, 627.0, 627.0, 626.0, 626.0, 627.0, 627.0, 627.0, 629.0, 631.0, 632.0, 635.0, 637.0, 640.0, 643.0, 647.0, 653.0, 657.0, 661.0, 667.0, 674.0, 463.0, 436.0, 424.0, 412.0, 401.0, 391.0, 383.0, 376.0, 368.0, 362.0, 356.0, 350.0]"
4.9471,38374,-20,"[246.0, 247.0, 249.0, 250.0, 251.0, 253.0, 254.0, 256.0, 257.0, 258.0, 260.0, 261.0, 263.0, 264.0, 266.0, 267.0, 268.0, 270.0, 271.0, 273.0, 274.0, 276.0, 277.0, 278.0, 280.0, 281.0, 283.0, 284.0, 285.0, 287.0, 288.0, 290.0, 291.0, 292.0, 294.0, 295.0, 296.0, 298.0, 313.0, 316.0, 317.0, 319.0, 320.0, 322.0, 323.0, 325.0, 327.0, 328.0, 330.0, 331.0]","[723.0, 715.0, 705.0, 696.0, 688.0, 681.0, 673.0, 666.0, 660.0, 656.0, 651.0, 646.0, 642.0, 638.0, 637.0, 635.0, 633.0, 629.0, 627.0, 627.0, 626.0, 626.0, 627.0, 627.0, 627.0, 629.0, 631.0, 632.0, 635.0, 637.0, 640.0, 643.0, 647.0, 653.0, 657.0, 661.0, 667.0, 674.0, 463.0, 436.0, 424.0, 412.0, 401.0, 391.0, 383.0, 376.0, 368.0, 362.0, 356.0, 350.0]"
4.9597,38374,-20,"[246.0, 247.0, 249.0, 250.0, 251.0, 253.0, 254.0, 256.0, 257.0, 258.0, 260.0, 261.0, 263.0, 264.0, 266.0, 267.0, 268.0, 270.0, 271.0, 273.0, 274.0, 276.0, 277.0, 278.0, 280.0, 281.0, 283.0, 284.0, 285.0, 287.0, 288.0, 290.0, 291.0, 292.0, 294.0, 295.0, 296.0, 298.0, 313.0, 316.0, 317.0, 319.0, 320.0, 322.0, 323.0, 325.0, 327.0, 328.0, 330.0, 331.0]","[723.0, 715.0, 705.0, 696.0, 688.0, 681.0, 673.0, 666.0, 660.0, 656.0, 651.0, 646.0, 642.0, 638.0, 637.0, 635.0, 633.0, 629.0, 627.0, 627.0, 626.0, 626.0, 627.0, 627.0, 627.0, 629.0, 631.0, 632.0, 635.0, 637.0, 640.0, 643.0, 647.0, 653.0, 657.0, 661.0, 667.0, 674.0, 463.0, 436.0, 424.0, 412.0, 401.0, 391.0, 383.0, 376.0, 368.0, 362.0, 356.0, 350.0]"
